artist_name,artist_index,title,primary_type,release_year,artist_mbid,secondary_types,release_countries
The War On Drugs,1,Wagonwheel Blues,Album,2008,87b9b3b8-ab93-426c-a200-4012d667a626,,US
The War On Drugs,1,Lost in the Dream,Album,2014,87b9b3b8-ab93-426c-a200-4012d667a626,,US
The War On Drugs,1,A Deeper Understanding,Album,2017,87b9b3b8-ab93-426c-a200-4012d667a626,,US
The War On Drugs,1,I Don’t Live Here Anymore,Album,2021,87b9b3b8-ab93-426c-a200-4012d667a626,,"GB, US"
The War On Drugs,1,Slave Ambient,Album,2011,87b9b3b8-ab93-426c-a200-4012d667a626,,US
The Beatles,2,The Beatles,Album,1968,b10bbbfc-cf9e-42e0-be17-e2c3e1d2600d,,"GB, US"
The Beatles,2,Yesterday and Today,Album,1966,b10bbbfc-cf9e-42e0-be17-e2c3e1d2600d,,US
The Beatles,2,Beatles ’65,Album,1964,b10bbbfc-cf9e-42e0-be17-e2c3e1d2600d,,US
The Beatles,2,The Beatles’ Second Album,Album,1964,b10bbbfc-cf9e-42e0-be17-e2c3e1d2600d,,US
The Beatles,2,Beatles VI,Album,1965,b10bbbfc-cf9e-42e0-be17-e2c3e1d2600d,,US
The Beatles,2,Something New,Album,1964,b10bbbfc-cf9e-42e0-be17-e2c3e1d2600d,,US
The Beatles,2,Introducing… The Beatles,Album,1964,b10bbbfc-cf9e-42e0-be17-e2c3e1d2600d,,US
The Beatles,2,Revolver,Album,1966,b10bbbfc-cf9e-42e0-be17-e2c3e1d2600d,,"GB, US"
The Beatles,2,Abbey Road,Album,1969,b10bbbfc-cf9e-42e0-be17-e2c3e1d2600d,,"GB, US"
The Beatles,2,Sgt. Pepper’s Lonely Hearts Club Band,Album,1967,b10bbbfc-cf9e-42e0-be17-e2c3e1d2600d,,"GB, US"
The Beatles,2,With The Beatles,Album,1963,b10bbbfc-cf9e-42e0-be17-e2c3e1d2600d,,"GB, US"
The Beatles,2,Let It Be,Album,1970,b10bbbfc-cf9e-42e0-be17-e2c3e1d2600d,,"GB, US"
The Beatles,2,Meet The Beatles!,Album,1964,b10bbbfc-cf9e-42e0-be17-e2c3e1d2600d,,US
The Beatles,2,Rubber Soul,Album,1965,b10bbbfc-cf9e-42e0-be17-e2c3e1d2600d,,"GB, US"
The Beatles,2,Please Please Me,Album,1963,b10bbbfc-cf9e-42e0-be17-e2c3e1d2600d,,GB
The Beatles,2,Beatles for Sale,Album,1964,b10bbbfc-cf9e-42e0-be17-e2c3e1d2600d,,"GB, US"
The Beatles,2,The Decca Tapes,Album,1986,b10bbbfc-cf9e-42e0-be17-e2c3e1d2600d,,"GB, US"
The Beatles,2,Anotherside Yellow Submarine Song Track,Album,1999,b10bbbfc-cf9e-42e0-be17-e2c3e1d2600d,,US
The Beatles,2,1962-1966 1967-1970,Album,1993,b10bbbfc-cf9e-42e0-be17-e2c3e1d2600d,,US
The Beatles,2,Rubber Soul Deluxe Edition Vol. One,Album,2007,b10bbbfc-cf9e-42e0-be17-e2c3e1d2600d,,US
The Beatles,2,Collectors Items,Album,2002,b10bbbfc-cf9e-42e0-be17-e2c3e1d2600d,,US
The Beatles,2,From the Basement to the Boardroom,Album,2011,b10bbbfc-cf9e-42e0-be17-e2c3e1d2600d,,GB
The Beatles,2,LOVE INTERVIEW CD,Album,2006,b10bbbfc-cf9e-42e0-be17-e2c3e1d2600d,,US
The Beatles,2,"The Days in Their Life, Vol. 1",Album,2004,b10bbbfc-cf9e-42e0-be17-e2c3e1d2600d,,US
The Beatles,2,20 X 4 Remastered Edition,Album,2005,b10bbbfc-cf9e-42e0-be17-e2c3e1d2600d,,US
The Beatles,2,"Carnival of Light - Fakes, Frauds, and Phonies (Million Volt Laugh and Sound Rave)",Album,2009,b10bbbfc-cf9e-42e0-be17-e2c3e1d2600d,,GB
Charley Crockett,3,"Field Recordings, Vol. 1",Album,2020,cf391be8-a609-4fcf-8de1-0eff6b639ae5,,US
Charley Crockett,3,In the Night,Album,2016,cf391be8-a609-4fcf-8de1-0eff6b639ae5,,US
Charley Crockett,3,"$10 Cowboy, Chapter II: Visions of Dallas",Album,2024,cf391be8-a609-4fcf-8de1-0eff6b639ae5,,US
Charley Crockett,3,The Valley,Album,2019,cf391be8-a609-4fcf-8de1-0eff6b639ae5,,US
Charley Crockett,3,Welcome to Hard Times,Album,2020,cf391be8-a609-4fcf-8de1-0eff6b639ae5,,US
Charley Crockett,3,Music City USA,Album,2021,cf391be8-a609-4fcf-8de1-0eff6b639ae5,,US
Charley Crockett,3,Lil G.L.'s Honky Tonk Jubilee,Album,2017,cf391be8-a609-4fcf-8de1-0eff6b639ae5,,US
Charley Crockett,3,10 for Slim: Charley Crockett Sings James Hand,Album,2021,cf391be8-a609-4fcf-8de1-0eff6b639ae5,,US
Charley Crockett,3,Lonesome as a Shadow,Album,2018,cf391be8-a609-4fcf-8de1-0eff6b639ae5,,US
Charley Crockett,3,A Stolen Jewel,Album,2015,cf391be8-a609-4fcf-8de1-0eff6b639ae5,,US
Charley Crockett,3,The Man From Waco,Album,2022,cf391be8-a609-4fcf-8de1-0eff6b639ae5,,US
Charley Crockett,3,Lil G.L.’s Blue Bonanza,Album,2018,cf391be8-a609-4fcf-8de1-0eff6b639ae5,,US
Charley Crockett,3,Lil’ G.L. Presents: Jukebox Charley,Album,2022,cf391be8-a609-4fcf-8de1-0eff6b639ae5,,US
Khruangbin,4,The Universe Smiles Upon You,Album,2015,aea4c9b9-9f8d-49dc-b2ca-57d6f26e8634,,GB
Khruangbin,4,Mordechai,Album,2020,aea4c9b9-9f8d-49dc-b2ca-57d6f26e8634,,US
Khruangbin,4,Con todo el mundo,Album,2018,aea4c9b9-9f8d-49dc-b2ca-57d6f26e8634,,"GB, US"
Khruangbin,4,Ali,Album,2022,aea4c9b9-9f8d-49dc-b2ca-57d6f26e8634,,US
Khruangbin,4,A LA SALA,Album,2024,aea4c9b9-9f8d-49dc-b2ca-57d6f26e8634,,US
Rose City Band,5,Rose City Band,Album,2019,5c0fd749-09f8-4ece-b489-364fa10fe202,,US
Rose City Band,5,Summerlong,Album,2020,5c0fd749-09f8-4ece-b489-364fa10fe202,,US
Rose City Band,5,Garden Party,Album,2023,5c0fd749-09f8-4ece-b489-364fa10fe202,,US
Rose City Band,5,Earth Trip,Album,2021,5c0fd749-09f8-4ece-b489-364fa10fe202,,US
Cut Worms,6,Hollow Ground,Album,2018,c3552e38-d7a7-4dd8-a0a2-c5cdb63a1e8f,,US
John Mayer,7,Paradise Valley,Album,2013,144ef525-85e9-40c3-8335-02c32d0861f3,,US
John Mayer,7,Room for Squares,Album,2001,144ef525-85e9-40c3-8335-02c32d0861f3,,"GB, US"
John Mayer,7,Continuum,Album,2006,144ef525-85e9-40c3-8335-02c32d0861f3,,"GB, US"
John Mayer,7,Sob Rock,Album,2021,144ef525-85e9-40c3-8335-02c32d0861f3,,US
John Mayer,7,The Search for Everything,Album,2017,144ef525-85e9-40c3-8335-02c32d0861f3,,US
John Mayer,7,Battle Studies,Album,2009,144ef525-85e9-40c3-8335-02c32d0861f3,,US
John Mayer,7,Heavier Things,Album,2003,144ef525-85e9-40c3-8335-02c32d0861f3,,US
John Mayer,7,Born and Raised,Album,2012,144ef525-85e9-40c3-8335-02c32d0861f3,,US
Kanye West,8,808s & Heartbreak,Album,2008,164f0d73-1234-4e2c-8743-d77bf2191051,,"GB, US"
Kanye West,8,Yeezus II,Album,2014,164f0d73-1234-4e2c-8743-d77bf2191051,,US
Kanye West,8,So Help Me God,Album,2015,164f0d73-1234-4e2c-8743-d77bf2191051,,US
Kanye West,8,Akademiks (Jeanius Level Musik),Album,2002,164f0d73-1234-4e2c-8743-d77bf2191051,,US
Kanye West,8,Yeezus,Album,2013,164f0d73-1234-4e2c-8743-d77bf2191051,,"GB, US"
Kanye West,8,My Beautiful Dark Twisted Fantasy,Album,2010,164f0d73-1234-4e2c-8743-d77bf2191051,,"GB, US"
Kanye West,8,ye,Album,2018,164f0d73-1234-4e2c-8743-d77bf2191051,,US
Kanye West,8,Spirits Over the Horizon,Album,2021,164f0d73-1234-4e2c-8743-d77bf2191051,,US
Kanye West,8,Donda,Album,2021,164f0d73-1234-4e2c-8743-d77bf2191051,,"GB, US"
Kanye West,8,Yandhi,Album,2019,164f0d73-1234-4e2c-8743-d77bf2191051,,US
Kanye West,8,The College Dropout,Album,2003,164f0d73-1234-4e2c-8743-d77bf2191051,,"GB, US"
Kanye West,8,Watch the Throne,Album,2011,164f0d73-1234-4e2c-8743-d77bf2191051,,"GB, US"
Kanye West,8,Gallery Freestyles,Album,2023,164f0d73-1234-4e2c-8743-d77bf2191051,,US
Kanye West,8,Late Registration,Album,2005,164f0d73-1234-4e2c-8743-d77bf2191051,,"GB, US"
Kanye West,8,Graduation,Album,2007,164f0d73-1234-4e2c-8743-d77bf2191051,,"GB, US"
Kanye West,8,Jesus Is King,Album,2019,164f0d73-1234-4e2c-8743-d77bf2191051,,US
Kanye West,8,"G.O.O.D. Morning, G.O.O.D. Night",Album,2009,164f0d73-1234-4e2c-8743-d77bf2191051,,GB
Allman Brothers Band,9,Eat a Peach,Album,1972,72359492-22be-4ed9-aaa0-efa434fb2b01,,US
Allman Brothers Band,9,Where It All Begins,Album,1994,72359492-22be-4ed9-aaa0-efa434fb2b01,,US
Allman Brothers Band,9,"Win, Lose or Draw",Album,1975,72359492-22be-4ed9-aaa0-efa434fb2b01,,"GB, US"
Allman Brothers Band,9,Reach for the Sky,Album,1980,72359492-22be-4ed9-aaa0-efa434fb2b01,,US
Allman Brothers Band,9,The Allman Brothers Band,Album,1969,72359492-22be-4ed9-aaa0-efa434fb2b01,,"GB, US"
Allman Brothers Band,9,Enlightened Rogues,Album,1979,72359492-22be-4ed9-aaa0-efa434fb2b01,,US
Allman Brothers Band,9,Seven Turns,Album,1990,72359492-22be-4ed9-aaa0-efa434fb2b01,,US
Allman Brothers Band,9,Idlewild South,Album,1970,72359492-22be-4ed9-aaa0-efa434fb2b01,,US
Allman Brothers Band,9,Hittin’ the Note,Album,2003,72359492-22be-4ed9-aaa0-efa434fb2b01,,"GB, US"
Allman Brothers Band,9,Brothers of the Road,Album,1981,72359492-22be-4ed9-aaa0-efa434fb2b01,,US
Allman Brothers Band,9,Brothers and Sisters,Album,1973,72359492-22be-4ed9-aaa0-efa434fb2b01,,"GB, US"
Allman Brothers Band,9,Shades of Two Worlds,Album,1991,72359492-22be-4ed9-aaa0-efa434fb2b01,,"GB, US"
Allman Brothers Band,9,"2011‐03‐12 Live at The Beacon Theater, New York City, NY",Album,2011,72359492-22be-4ed9-aaa0-efa434fb2b01,,US
Allman Brothers Band,9,"2009‐03‐09 Live at Beacon Theatre, New York, NY",Album,2009,72359492-22be-4ed9-aaa0-efa434fb2b01,,US
Allman Brothers Band,9,1969‐03‐30 Live at Jacksonville Beach Armory: First Flight,Album,1969,72359492-22be-4ed9-aaa0-efa434fb2b01,,US
Allman Brothers Band,9,1971‐03‐02 Live at CCNY,Album,1971,72359492-22be-4ed9-aaa0-efa434fb2b01,,US
Allman Brothers Band,9,1970‐07‐26 Live at SUNY Stonybrook,Album,1970,72359492-22be-4ed9-aaa0-efa434fb2b01,,US
Allman Brothers Band,9,1991‐10‐05 Live at Cal Expo,Album,1991,72359492-22be-4ed9-aaa0-efa434fb2b01,,US
Allman Brothers Band,9,2005‐08‐27 Live at New York State Fair,Album,2005,72359492-22be-4ed9-aaa0-efa434fb2b01,,US
Jimi Hendrix,10,Rainbow Bridge,Album,1971,06fb1c8b-566e-4cb2-985b-b467c90781d4,,US
Jimi Hendrix,10,Rare Hendrix,Album,1972,06fb1c8b-566e-4cb2-985b-b467c90781d4,,US
Jimi Hendrix,10,Record Plant Sessions,Album,1969,06fb1c8b-566e-4cb2-985b-b467c90781d4,,US
Jimi Hendrix,10,War Heroes,Album,1972,06fb1c8b-566e-4cb2-985b-b467c90781d4,,"GB, US"
Jimi Hendrix,10,Both Sides of the Sky,Album,2018,06fb1c8b-566e-4cb2-985b-b467c90781d4,,US
Jimi Hendrix,10,Midnight Lightning,Album,1975,06fb1c8b-566e-4cb2-985b-b467c90781d4,,US
Jimi Hendrix,10,Strange Things,Album,1968,06fb1c8b-566e-4cb2-985b-b467c90781d4,,GB
Jimi Hendrix,10,The Cry of Love,Album,1971,06fb1c8b-566e-4cb2-985b-b467c90781d4,,"GB, US"
Jimi Hendrix,10,Morning Symphony Ideas,Album,2000,06fb1c8b-566e-4cb2-985b-b467c90781d4,,US
Jimi Hendrix,10,Strange Things,Album,1985,06fb1c8b-566e-4cb2-985b-b467c90781d4,,GB
Jimi Hendrix,10,The Baggy’s Rehearsal Sessions,Album,2002,06fb1c8b-566e-4cb2-985b-b467c90781d4,,US
Jimi Hendrix,10,Burning Desire,Album,2006,06fb1c8b-566e-4cb2-985b-b467c90781d4,,US
Jimi Hendrix,10,Hear My Music,Album,2004,06fb1c8b-566e-4cb2-985b-b467c90781d4,,US
Jimi Hendrix,10,Flashing,Album,1968,06fb1c8b-566e-4cb2-985b-b467c90781d4,,US
Jimi Hendrix,10,Nine to the Universe,Album,1980,06fb1c8b-566e-4cb2-985b-b467c90781d4,,US
Jimi Hendrix,10,Crash Landing,Album,1975,06fb1c8b-566e-4cb2-985b-b467c90781d4,,"GB, US"
Jimi Hendrix,10,Axis Outtakes,Album,2003,06fb1c8b-566e-4cb2-985b-b467c90781d4,,GB
Jimi Hendrix,10,Sotheby’s Auction Tapes,Album,1981,06fb1c8b-566e-4cb2-985b-b467c90781d4,,US
Jimi Hendrix,10,Message From Nine to the Universe,Album,2006,06fb1c8b-566e-4cb2-985b-b467c90781d4,,GB
Jimi Hendrix,10,High Times At San Jose,Album,2024,06fb1c8b-566e-4cb2-985b-b467c90781d4,,GB
Wooden Shjips,11,Wooden Shjips,Album,2007,3754dc74-381e-4237-bd44-65f5600a4d88,,US
Wooden Shjips,11,Dos,Album,2009,3754dc74-381e-4237-bd44-65f5600a4d88,,US
Wooden Shjips,11,West,Album,2011,3754dc74-381e-4237-bd44-65f5600a4d88,,US
Patsy Cline,12,On The Air: Her Greatest TV Performances,Album,2012,ad82dd72-0df3-4a09-8d7a-1af9c9e80522,,US
Patsy Cline,12,Don't Ever Leave Me Again,Album,1993,ad82dd72-0df3-4a09-8d7a-1af9c9e80522,,US
Patsy Cline,12,Sentimentally Yours,Album,1962,ad82dd72-0df3-4a09-8d7a-1af9c9e80522,,US
Patsy Cline,12,Reflections,Album,1965,ad82dd72-0df3-4a09-8d7a-1af9c9e80522,,US
Patsy Cline,12,In Memoriam,Album,1963,ad82dd72-0df3-4a09-8d7a-1af9c9e80522,,US
Patsy Cline,12,Pick Me Up On Your Way Down,Album,1995,ad82dd72-0df3-4a09-8d7a-1af9c9e80522,,US
Patsy Cline,12,Showcase,Album,1961,ad82dd72-0df3-4a09-8d7a-1af9c9e80522,,US
Patsy Cline,12,Patsy Cline,Album,1957,ad82dd72-0df3-4a09-8d7a-1af9c9e80522,,US
Black Market Karma,14,The 6th Time Around,Album,2015,de86014b-f68b-4be0-b568-3069995e7327,,GB
Black Market Karma,14,Upside Out Inside Down,Album,2014,de86014b-f68b-4be0-b568-3069995e7327,,GB
Black Market Karma,14,Animal Jive,Album,2016,de86014b-f68b-4be0-b568-3069995e7327,,GB
Black Market Karma,14,Aped Flair And Hijacked Ideas,Album,2022,de86014b-f68b-4be0-b568-3069995e7327,,GB
Black Market Karma,14,Semper Fi,Album,2012,de86014b-f68b-4be0-b568-3069995e7327,,GB
Black Market Karma,14,Easy Listening,Album,2012,de86014b-f68b-4be0-b568-3069995e7327,,GB
Black Market Karma,14,Plastic Hippie,Album,2016,de86014b-f68b-4be0-b568-3069995e7327,,GB
Black Market Karma,14,Cocoon,Album,2012,de86014b-f68b-4be0-b568-3069995e7327,,GB
Black Market Karma,14,Comatose,Album,2012,de86014b-f68b-4be0-b568-3069995e7327,,GB
Steely Dan,15,Countdown to Ecstasy,Album,1973,e01c3376-15fa-40d7-b747-5f219bdefdd7,,"GB, US"
Steely Dan,15,The Royal Scam,Album,1976,e01c3376-15fa-40d7-b747-5f219bdefdd7,,"GB, US"
Steely Dan,15,Pretzel Logic,Album,1974,e01c3376-15fa-40d7-b747-5f219bdefdd7,,"GB, US"
Steely Dan,15,Magdalenian Pries: Katy Lied Demos and Outtakes,Album,,e01c3376-15fa-40d7-b747-5f219bdefdd7,,GB
Steely Dan,15,Aja,Album,1977,e01c3376-15fa-40d7-b747-5f219bdefdd7,,"GB, US"
Steely Dan,15,Gaucho,Album,1980,e01c3376-15fa-40d7-b747-5f219bdefdd7,,"GB, US"
Steely Dan,15,Can’t Buy a Thrill,Album,1972,e01c3376-15fa-40d7-b747-5f219bdefdd7,,"GB, US"
Steely Dan,15,Katy Lied,Album,1975,e01c3376-15fa-40d7-b747-5f219bdefdd7,,"GB, US"
Steely Dan,15,Everything Must Go,Album,2003,e01c3376-15fa-40d7-b747-5f219bdefdd7,,US
Steely Dan,15,Two Against Nature,Album,2000,e01c3376-15fa-40d7-b747-5f219bdefdd7,,"GB, US"
Steely Dan,15,The Royal Scam Sessions,Album,2021,e01c3376-15fa-40d7-b747-5f219bdefdd7,,GB
Beach House,16,Once Twice Melody,Album,2022,d5cc67b8-1cc4-453b-96e8-44487acdebea,,US
Beach House,16,Devotion,Album,2007,d5cc67b8-1cc4-453b-96e8-44487acdebea,,"GB, US"
Beach House,16,Teen Dream,Album,2010,d5cc67b8-1cc4-453b-96e8-44487acdebea,,"GB, US"
Beach House,16,7,Album,2018,d5cc67b8-1cc4-453b-96e8-44487acdebea,,"GB, US"
Beach House,16,Beach House,Album,2006,d5cc67b8-1cc4-453b-96e8-44487acdebea,,"GB, US"
Beach House,16,Thank Your Lucky Stars,Album,2015,d5cc67b8-1cc4-453b-96e8-44487acdebea,,"GB, US"
Beach House,16,Depression Cherry,Album,2015,d5cc67b8-1cc4-453b-96e8-44487acdebea,,"GB, US"
Beach House,16,Bloom,Album,2012,d5cc67b8-1cc4-453b-96e8-44487acdebea,,US
Red Hot Chili Peppers,17,One Hot Minute,Album,1995,8bfac288-ccc5-448d-9573-c33ea2aa5c30,,US
Red Hot Chili Peppers,17,Unlimited Love,Album,2022,8bfac288-ccc5-448d-9573-c33ea2aa5c30,,US
Red Hot Chili Peppers,17,Stadium Arcadium,Album,2006,8bfac288-ccc5-448d-9573-c33ea2aa5c30,,US
Red Hot Chili Peppers,17,The Uplift Mofo Party Plan,Album,1987,8bfac288-ccc5-448d-9573-c33ea2aa5c30,,US
Red Hot Chili Peppers,17,Blood Sugar Sex Magik,Album,1991,8bfac288-ccc5-448d-9573-c33ea2aa5c30,,"GB, US"
Red Hot Chili Peppers,17,The Getaway,Album,2016,8bfac288-ccc5-448d-9573-c33ea2aa5c30,,US
Red Hot Chili Peppers,17,Return of the Dream Canteen,Album,2022,8bfac288-ccc5-448d-9573-c33ea2aa5c30,,US
Red Hot Chili Peppers,17,Freaky Styley,Album,1985,8bfac288-ccc5-448d-9573-c33ea2aa5c30,,"GB, US"
Red Hot Chili Peppers,17,Mother’s Milk,Album,1989,8bfac288-ccc5-448d-9573-c33ea2aa5c30,,"GB, US"
Red Hot Chili Peppers,17,By the Way,Album,2002,8bfac288-ccc5-448d-9573-c33ea2aa5c30,,US
Red Hot Chili Peppers,17,I’m With You,Album,2011,8bfac288-ccc5-448d-9573-c33ea2aa5c30,,US
Red Hot Chili Peppers,17,Californication,Album,1999,8bfac288-ccc5-448d-9573-c33ea2aa5c30,,"GB, US"
Red Hot Chili Peppers,17,The Red Hot Chili Peppers,Album,1984,8bfac288-ccc5-448d-9573-c33ea2aa5c30,,"GB, US"
Boogarins,18,"Manual, ou guia livre de dissolução dos sonhos",Album,2015,46713d05-4143-4704-a9c3-71b482a13944,,US
Boogarins,18,Sombrou Dúvida,Album,2019,46713d05-4143-4704-a9c3-71b482a13944,,US
Eagles,19,The Long Run,Album,1979,f46bd570-5768-462e-b84c-c7c993bbf47e,,"GB, US"
Eagles,19,Eagles,Album,1972,f46bd570-5768-462e-b84c-c7c993bbf47e,,US
Eagles,19,On the Border,Album,1974,f46bd570-5768-462e-b84c-c7c993bbf47e,,US
Eagles,19,One of These Nights,Album,1975,f46bd570-5768-462e-b84c-c7c993bbf47e,,US
Eagles,19,Long Road Out of Eden,Album,2007,f46bd570-5768-462e-b84c-c7c993bbf47e,,"GB, US"
Eagles,19,Hotel California,Album,1976,f46bd570-5768-462e-b84c-c7c993bbf47e,,"GB, US"
Eagles,19,Desperado,Album,1973,f46bd570-5768-462e-b84c-c7c993bbf47e,,"GB, US"
Fleetwood Mac,20,Behind the Mask,Album,1990,bd13909f-1c29-4c27-a874-d4aaf27c5b1a,,US
Fleetwood Mac,20,Future Games,Album,1971,bd13909f-1c29-4c27-a874-d4aaf27c5b1a,,"GB, US"
Fleetwood Mac,20,Time,Album,1995,bd13909f-1c29-4c27-a874-d4aaf27c5b1a,,US
Fleetwood Mac,20,Bare Trees,Album,1972,bd13909f-1c29-4c27-a874-d4aaf27c5b1a,,"GB, US"
Fleetwood Mac,20,Tusk,Album,1979,bd13909f-1c29-4c27-a874-d4aaf27c5b1a,,"GB, US"
Fleetwood Mac,20,Mr. Wonderful,Album,1968,bd13909f-1c29-4c27-a874-d4aaf27c5b1a,,"GB, US"
Fleetwood Mac,20,Rumours,Album,1977,bd13909f-1c29-4c27-a874-d4aaf27c5b1a,,"GB, US"
Fleetwood Mac,20,Say You Will,Album,2003,bd13909f-1c29-4c27-a874-d4aaf27c5b1a,,"GB, US"
Fleetwood Mac,20,The Biggest Thing Since Colossus,Album,1969,bd13909f-1c29-4c27-a874-d4aaf27c5b1a,,GB
Fleetwood Mac,20,English Rose,Album,1969,bd13909f-1c29-4c27-a874-d4aaf27c5b1a,,"GB, US"
Fleetwood Mac,20,Kiln House,Album,1970,bd13909f-1c29-4c27-a874-d4aaf27c5b1a,,"GB, US"
Fleetwood Mac,20,Tango in the Night,Album,1987,bd13909f-1c29-4c27-a874-d4aaf27c5b1a,,"GB, US"
Fleetwood Mac,20,Fleetwood Mac,Album,1975,bd13909f-1c29-4c27-a874-d4aaf27c5b1a,,"GB, US"
Fleetwood Mac,20,Penguin,Album,1973,bd13909f-1c29-4c27-a874-d4aaf27c5b1a,,"GB, US"
Fleetwood Mac,20,Heroes Are Hard to Find,Album,1974,bd13909f-1c29-4c27-a874-d4aaf27c5b1a,,US
Fleetwood Mac,20,Mirage,Album,1982,bd13909f-1c29-4c27-a874-d4aaf27c5b1a,,"GB, US"
Fleetwood Mac,20,Mystery to Me,Album,1973,bd13909f-1c29-4c27-a874-d4aaf27c5b1a,,"GB, US"
Fleetwood Mac,20,Peter Green’s Fleetwood Mac,Album,1968,bd13909f-1c29-4c27-a874-d4aaf27c5b1a,,"GB, US"
Fleetwood Mac,20,Then Play On,Album,1969,bd13909f-1c29-4c27-a874-d4aaf27c5b1a,,"GB, US"
bdrmm,21,I Don’t Know,Album,2023,0892e729-9af9-4746-8534-73cd0586347a,,US
bdrmm,21,Bedroom,Album,2020,0892e729-9af9-4746-8534-73cd0586347a,,GB
Stevie Wonder,22,Characters,Album,1987,1ee18fb3-18a6-4c7f-8ba0-bc41cdd0462e,,"GB, US"
Stevie Wonder,22,A Time to Love,Album,2005,1ee18fb3-18a6-4c7f-8ba0-bc41cdd0462e,,"GB, US"
Stevie Wonder,22,I Was Made to Love Her,Album,1967,1ee18fb3-18a6-4c7f-8ba0-bc41cdd0462e,,US
Stevie Wonder,22,Up‐Tight (Everything’s Alright),Album,1966,1ee18fb3-18a6-4c7f-8ba0-bc41cdd0462e,,"GB, US"
Stevie Wonder,22,"Signed, Sealed & Delivered",Album,1970,1ee18fb3-18a6-4c7f-8ba0-bc41cdd0462e,,US
Stevie Wonder,22,Talking Book,Album,1972,1ee18fb3-18a6-4c7f-8ba0-bc41cdd0462e,,"GB, US"
Stevie Wonder,22,In Square Circle,Album,1985,1ee18fb3-18a6-4c7f-8ba0-bc41cdd0462e,,US
Stevie Wonder,22,Music of My Mind,Album,1972,1ee18fb3-18a6-4c7f-8ba0-bc41cdd0462e,,US
Stevie Wonder,22,With a Song in My Heart,Album,1963,1ee18fb3-18a6-4c7f-8ba0-bc41cdd0462e,,US
Stevie Wonder,22,For Once in My Life,Album,1968,1ee18fb3-18a6-4c7f-8ba0-bc41cdd0462e,,US
Stevie Wonder,22,Hotter Than July,Album,1980,1ee18fb3-18a6-4c7f-8ba0-bc41cdd0462e,,"GB, US"
Stevie Wonder,22,My Cherie Amour,Album,1969,1ee18fb3-18a6-4c7f-8ba0-bc41cdd0462e,,US
Stevie Wonder,22,The Jazz Soul of Little Stevie,Album,1962,1ee18fb3-18a6-4c7f-8ba0-bc41cdd0462e,,"GB, US"
Stevie Wonder,22,Fulfillingness’ First Finale,Album,1974,1ee18fb3-18a6-4c7f-8ba0-bc41cdd0462e,,US
Stevie Wonder,22,Conversation Peace,Album,1995,1ee18fb3-18a6-4c7f-8ba0-bc41cdd0462e,,US
Stevie Wonder,22,Jobete Music Presents the Wonder of Stevie,Album,1997,1ee18fb3-18a6-4c7f-8ba0-bc41cdd0462e,,US
Stevie Wonder,22,Eivets Rednow,Album,1968,1ee18fb3-18a6-4c7f-8ba0-bc41cdd0462e,,US
Stevie Wonder,22,Tribute to Uncle Ray,Album,1962,1ee18fb3-18a6-4c7f-8ba0-bc41cdd0462e,,"GB, US"
Stevie Wonder,22,Down to Earth,Album,1966,1ee18fb3-18a6-4c7f-8ba0-bc41cdd0462e,,US
Stevie Wonder,22,Where I’m Coming From,Album,1971,1ee18fb3-18a6-4c7f-8ba0-bc41cdd0462e,,US
Stevie Wonder,22,Stevie at the Beach,Album,1964,1ee18fb3-18a6-4c7f-8ba0-bc41cdd0462e,,US
Stevie Wonder,22,Innervisions,Album,1973,1ee18fb3-18a6-4c7f-8ba0-bc41cdd0462e,,"GB, US"
Stevie Wonder,22,Songs in the Key of Life,Album,1976,1ee18fb3-18a6-4c7f-8ba0-bc41cdd0462e,,"GB, US"
Stevie Wonder,22,Someday at Christmas,Album,1967,1ee18fb3-18a6-4c7f-8ba0-bc41cdd0462e,,US
Pink Floyd,23,Wish You Were Here,Album,1975,83d91898-7763-47d7-b03b-b92132375c47,,"GB, US"
Pink Floyd,23,Animals,Album,1977,83d91898-7763-47d7-b03b-b92132375c47,,"GB, US"
Pink Floyd,23,The Endless River,Album,2014,83d91898-7763-47d7-b03b-b92132375c47,,US
Pink Floyd,23,A Momentary Lapse of Reason,Album,1987,83d91898-7763-47d7-b03b-b92132375c47,,"GB, US"
Pink Floyd,23,Meddle,Album,1971,83d91898-7763-47d7-b03b-b92132375c47,,"GB, US"
Pink Floyd,23,The Piper at the Gates of Dawn,Album,1967,83d91898-7763-47d7-b03b-b92132375c47,,"GB, US"
Pink Floyd,23,A Saucerful of Secrets,Album,1968,83d91898-7763-47d7-b03b-b92132375c47,,"GB, US"
Pink Floyd,23,The Division Bell,Album,1994,83d91898-7763-47d7-b03b-b92132375c47,,"GB, US"
Pink Floyd,23,Ummagumma,Album,1969,83d91898-7763-47d7-b03b-b92132375c47,,"GB, US"
Pink Floyd,23,Atom Heart Mother,Album,1970,83d91898-7763-47d7-b03b-b92132375c47,,"GB, US"
Pink Floyd,23,The Final Cut,Album,1983,83d91898-7763-47d7-b03b-b92132375c47,,"GB, US"
Pink Floyd,23,The Wall,Album,1979,83d91898-7763-47d7-b03b-b92132375c47,,"GB, US"
Pink Floyd,23,The Dark Side of the Moon,Album,1973,83d91898-7763-47d7-b03b-b92132375c47,,"GB, US"
Dire Straits,24,Dire Straits,Album,1978,614e3804-7d34-41ba-857f-811bad7c2b7a,,"GB, US"
Dire Straits,24,Making Movies,Album,1980,614e3804-7d34-41ba-857f-811bad7c2b7a,,"GB, US"
Dire Straits,24,Communiqué,Album,1979,614e3804-7d34-41ba-857f-811bad7c2b7a,,"GB, US"
Dire Straits,24,Love Over Gold,Album,1982,614e3804-7d34-41ba-857f-811bad7c2b7a,,"GB, US"
Dire Straits,24,Brothers in Arms,Album,1985,614e3804-7d34-41ba-857f-811bad7c2b7a,,"GB, US"
Dire Straits,24,On Every Street,Album,1991,614e3804-7d34-41ba-857f-811bad7c2b7a,,"GB, US"
Paul McCartney,25,Standing Stone,Album,1997,ba550d0e-adac-4864-b88b-407cab5e76af,,"GB, US"
Paul McCartney,25,Working Classical,Album,1999,ba550d0e-adac-4864-b88b-407cab5e76af,,US
Paul McCartney,25,Flowers in the Dirt,Album,1989,ba550d0e-adac-4864-b88b-407cab5e76af,,"GB, US"
Paul McCartney,25,Kisses on the Bottom,Album,2012,ba550d0e-adac-4864-b88b-407cab5e76af,,"GB, US"
Paul McCartney,25,Off the Ground,Album,1993,ba550d0e-adac-4864-b88b-407cab5e76af,,"GB, US"
Paul McCartney,25,Press to Play,Album,1986,ba550d0e-adac-4864-b88b-407cab5e76af,,"GB, US"
Paul McCartney,25,New,Album,2013,ba550d0e-adac-4864-b88b-407cab5e76af,,"GB, US"
Paul McCartney,25,RAM,Album,1971,ba550d0e-adac-4864-b88b-407cab5e76af,,"GB, US"
Paul McCartney,25,Run Devil Run,Album,1999,ba550d0e-adac-4864-b88b-407cab5e76af,,"GB, US"
Paul McCartney,25,Ecce Cor Meum,Album,2006,ba550d0e-adac-4864-b88b-407cab5e76af,,US
Paul McCartney,25,McCartney III,Album,2020,ba550d0e-adac-4864-b88b-407cab5e76af,,"GB, US"
Paul McCartney,25,Danger Zone,Album,1995,ba550d0e-adac-4864-b88b-407cab5e76af,,US
Paul McCartney,25,McCartney II,Album,1980,ba550d0e-adac-4864-b88b-407cab5e76af,,"GB, US"
Paul McCartney,25,Ocean’s Kingdom,Album,2011,ba550d0e-adac-4864-b88b-407cab5e76af,,US
Paul McCartney,25,Снова в СССР,Album,1988,ba550d0e-adac-4864-b88b-407cab5e76af,,"GB, US"
Paul McCartney,25,Japanese Tears,Album,1980,ba550d0e-adac-4864-b88b-407cab5e76af,,GB
Paul McCartney,25,Liverpool Sound Collage,Album,2000,ba550d0e-adac-4864-b88b-407cab5e76af,,"GB, US"
Paul McCartney,25,Chaos and Creation in the Backyard,Album,2005,ba550d0e-adac-4864-b88b-407cab5e76af,,US
Paul McCartney,25,Flaming Pie,Album,1997,ba550d0e-adac-4864-b88b-407cab5e76af,,US
Paul McCartney,25,Egypt Station,Album,2018,ba550d0e-adac-4864-b88b-407cab5e76af,,US
Paul McCartney,25,Pipes of Peace,Album,1983,ba550d0e-adac-4864-b88b-407cab5e76af,,"GB, US"
Paul McCartney,25,Memory Almost Full,Album,2007,ba550d0e-adac-4864-b88b-407cab5e76af,,"GB, US"
Paul McCartney,25,Driving Rain,Album,2001,ba550d0e-adac-4864-b88b-407cab5e76af,,US
Paul McCartney,25,McCartney,Album,1970,ba550d0e-adac-4864-b88b-407cab5e76af,,"GB, US"
Paul McCartney,25,Played to press,Album,1990,ba550d0e-adac-4864-b88b-407cab5e76af,,GB
Paul McCartney,25,Tug of War,Album,1982,ba550d0e-adac-4864-b88b-407cab5e76af,,"GB, US"
Paul McCartney,25,"Litolff: Scherzo / Tchaikovsky: Marche Slave / Offenbach: Dances from ""Gaite Parisienne"" / Lennon-McCartney: Yesterday",Album,1996,ba550d0e-adac-4864-b88b-407cab5e76af,,GB
Paul McCartney,25,Maida Vale Studios 2013,Album,2013,ba550d0e-adac-4864-b88b-407cab5e76af,,GB
Ofege,26,How Do You Feel,Album,1978,52484336-bfdc-477f-91fd-93f854aa9df6,,US
Ofege,26,Try and Love,Album,1973,52484336-bfdc-477f-91fd-93f854aa9df6,,"GB, US"
Gene Clark,27,No Other,Album,1974,2b6f3780-6fb6-42c2-95bb-5e080772e38c,,"GB, US"
Gene Clark,27,Roadmaster,Album,1973,2b6f3780-6fb6-42c2-95bb-5e080772e38c,,"GB, US"
Gene Clark,27,Gene Clark With the Gosdin Brothers,Album,1967,2b6f3780-6fb6-42c2-95bb-5e080772e38c,,"GB, US"
Gene Clark,27,So Rebellious a Lover,Album,1987,2b6f3780-6fb6-42c2-95bb-5e080772e38c,,"GB, US"
Gene Clark,27,Firebyrd,Album,1984,2b6f3780-6fb6-42c2-95bb-5e080772e38c,,"GB, US"
Gene Clark,27,Gene Clark,Album,1971,2b6f3780-6fb6-42c2-95bb-5e080772e38c,,"GB, US"
Gene Clark,27,Two Sides to Every Story,Album,1977,2b6f3780-6fb6-42c2-95bb-5e080772e38c,,"GB, US"
Genesis,30,From Genesis to Revelation,Album,1969,8e3fcd7d-bda1-4ca0-b987-b8528d2ee74e,,"GB, US"
Genesis,30,We Can’t Dance,Album,1991,8e3fcd7d-bda1-4ca0-b987-b8528d2ee74e,,"GB, US"
Genesis,30,Selling England by the Pound,Album,1973,8e3fcd7d-bda1-4ca0-b987-b8528d2ee74e,,"GB, US"
Genesis,30,Genesis,Album,1983,8e3fcd7d-bda1-4ca0-b987-b8528d2ee74e,,"GB, US"
Genesis,30,Foxtrot,Album,1972,8e3fcd7d-bda1-4ca0-b987-b8528d2ee74e,,"GB, US"
Genesis,30,Nursery Cryme,Album,1971,8e3fcd7d-bda1-4ca0-b987-b8528d2ee74e,,"GB, US"
Genesis,30,Wind & Wuthering,Album,1976,8e3fcd7d-bda1-4ca0-b987-b8528d2ee74e,,"GB, US"
Genesis,30,Trespass,Album,1970,8e3fcd7d-bda1-4ca0-b987-b8528d2ee74e,,"GB, US"
Genesis,30,A Trick of the Tail,Album,1976,8e3fcd7d-bda1-4ca0-b987-b8528d2ee74e,,"GB, US"
Genesis,30,Abacab,Album,1981,8e3fcd7d-bda1-4ca0-b987-b8528d2ee74e,,"GB, US"
Genesis,30,Invisible Touch,Album,1986,8e3fcd7d-bda1-4ca0-b987-b8528d2ee74e,,"GB, US"
Genesis,30,…Calling All Stations…,Album,1997,8e3fcd7d-bda1-4ca0-b987-b8528d2ee74e,,"GB, US"
Genesis,30,The Lamb Lies Down on Broadway,Album,1974,8e3fcd7d-bda1-4ca0-b987-b8528d2ee74e,,"GB, US"
Genesis,30,…And Then There Were Three…,Album,1978,8e3fcd7d-bda1-4ca0-b987-b8528d2ee74e,,"GB, US"
Genesis,30,Duke,Album,1980,8e3fcd7d-bda1-4ca0-b987-b8528d2ee74e,,"GB, US"
Clarence Carter,31,The Dynamic Clarence Carter,Album,1969,d24bd0d5-0bfe-43ca-9ddd-d731abda89d7,,US
Clarence Carter,31,Love Me With a Feeling,Album,1982,d24bd0d5-0bfe-43ca-9ddd-d731abda89d7,,US
Clarence Carter,31,Real,Album,1974,d24bd0d5-0bfe-43ca-9ddd-d731abda89d7,,US
Clarence Carter,31,Messin' With My Mind,Album,1987,d24bd0d5-0bfe-43ca-9ddd-d731abda89d7,,US
Clarence Carter,31,Dr. C.C.,Album,1986,d24bd0d5-0bfe-43ca-9ddd-d731abda89d7,,US
Clarence Carter,31,This Is Clarence Carter,Album,1968,d24bd0d5-0bfe-43ca-9ddd-d731abda89d7,,"GB, US"
Clarence Carter,31,Touch of Blues,Album,1988,d24bd0d5-0bfe-43ca-9ddd-d731abda89d7,,US
Clarence Carter,31,Sixty Minutes With Clarence Carter,Album,1973,d24bd0d5-0bfe-43ca-9ddd-d731abda89d7,,US
Clarence Carter,31,Between a Rock and a Hard Place,Album,1990,d24bd0d5-0bfe-43ca-9ddd-d731abda89d7,,US
Clarence Carter,31,Singing For My Supper,Album,1984,d24bd0d5-0bfe-43ca-9ddd-d731abda89d7,,US
Clarence Carter,31,Livin' the Life,Album,1982,d24bd0d5-0bfe-43ca-9ddd-d731abda89d7,,US
Clarence Carter,31,Have You Met Clarence Carter... Yet?,Album,1992,d24bd0d5-0bfe-43ca-9ddd-d731abda89d7,,US
Clarence Carter,31,Testifyin’,Album,1969,d24bd0d5-0bfe-43ca-9ddd-d731abda89d7,,US
Clarence Carter,31,Hooked On Love,Album,1987,d24bd0d5-0bfe-43ca-9ddd-d731abda89d7,,US
Clarence Carter,31,Let's Burn,Album,1980,d24bd0d5-0bfe-43ca-9ddd-d731abda89d7,,US
Clarence Carter,31,I Couldn't Refuse,Album,1995,d24bd0d5-0bfe-43ca-9ddd-d731abda89d7,,US
Clarence Carter,31,Sing Along With Clarence Carter,Album,2011,d24bd0d5-0bfe-43ca-9ddd-d731abda89d7,,US
Clarence Carter,31,Patches,Album,1970,d24bd0d5-0bfe-43ca-9ddd-d731abda89d7,,US
Orions Belte,32,Mint,Album,2018,61199372-d2ff-4111-aa75-8b30a25d67e7,,US
Orions Belte,32,Villa Amorini,Album,2021,61199372-d2ff-4111-aa75-8b30a25d67e7,,US
MF DOOM,35,"Special Herbs and Spices, Volume 1",Album,2004,188711ed-c99b-439c-844a-ca831f63a727,,US
MF DOOM,35,MM..Leftovers,Album,2004,188711ed-c99b-439c-844a-ca831f63a727,,US
MF DOOM,35,Operation: Doomsday,Album,1999,188711ed-c99b-439c-844a-ca831f63a727,,US
MF DOOM,35,Ghostface Meets MF: Operation Ironman,Album,2000,188711ed-c99b-439c-844a-ca831f63a727,,US
MF DOOM,35,Czarface Meets Metal Face,Album,2018,188711ed-c99b-439c-844a-ca831f63a727,,US
MF DOOM,35,Born Like This,Album,2009,188711ed-c99b-439c-844a-ca831f63a727,,"GB, US"
MF DOOM,35,Super What?,Album,2021,188711ed-c99b-439c-844a-ca831f63a727,,US
MF DOOM,35,MM..FOOD,Album,2004,188711ed-c99b-439c-844a-ca831f63a727,,US
MF DOOM,35,DoomStarks,Album,2009,188711ed-c99b-439c-844a-ca831f63a727,,US
Nas,36,Magic 2,Album,2023,cfbc0924-0035-4d6c-8197-f024653af823,,US
Nas,36,Distant Relatives,Album,2010,cfbc0924-0035-4d6c-8197-f024653af823,,"GB, US"
Nas,36,Illmatic,Album,1994,cfbc0924-0035-4d6c-8197-f024653af823,,"GB, US"
Nas,36,King’s Disease,Album,2020,cfbc0924-0035-4d6c-8197-f024653af823,,US
Nas,36,King’s Disease III,Album,2022,cfbc0924-0035-4d6c-8197-f024653af823,,US
Nas,36,Magic,Album,2021,cfbc0924-0035-4d6c-8197-f024653af823,,US
Nas,36,Napalm,Album,2006,cfbc0924-0035-4d6c-8197-f024653af823,,US
Nas,36,Nastradamus,Album,1999,cfbc0924-0035-4d6c-8197-f024653af823,,US
Nas,36,Life Is Good,Album,2012,cfbc0924-0035-4d6c-8197-f024653af823,,US
Nas,36,Street’s Disciple,Album,2004,cfbc0924-0035-4d6c-8197-f024653af823,,"GB, US"
Nas,36,Hip Hop Is Dead,Album,2006,cfbc0924-0035-4d6c-8197-f024653af823,,"GB, US"
Nas,36,Scriptures & Testaments,Album,2007,cfbc0924-0035-4d6c-8197-f024653af823,,GB
Nas,36,I Am…,Album,1999,cfbc0924-0035-4d6c-8197-f024653af823,,US
Nas,36,NASIR,Album,2018,cfbc0924-0035-4d6c-8197-f024653af823,,US
Nas,36,[untitled],Album,2008,cfbc0924-0035-4d6c-8197-f024653af823,,"GB, US"
Nas,36,God’s Son,Album,2002,cfbc0924-0035-4d6c-8197-f024653af823,,US
Nas,36,It Was Written,Album,1996,cfbc0924-0035-4d6c-8197-f024653af823,,"GB, US"
Nas,36,Stillmatic,Album,1997,cfbc0924-0035-4d6c-8197-f024653af823,,"GB, US"
Nas,36,King’s Disease II,Album,2021,cfbc0924-0035-4d6c-8197-f024653af823,,US
Kurt Vile,37,Bottle It In,Album,2018,e07a111e-4e8a-4651-a849-01ac60551ab2,,US
Kurt Vile,37,Smoke Ring for My Halo,Album,2011,e07a111e-4e8a-4651-a849-01ac60551ab2,,"GB, US"
Kurt Vile,37,b’lieve i’m goin down…,Album,2015,e07a111e-4e8a-4651-a849-01ac60551ab2,,US
Kurt Vile,37,Constant Hitmaker,Album,2008,e07a111e-4e8a-4651-a849-01ac60551ab2,,US
Kurt Vile,37,10 Songs,Album,2003,e07a111e-4e8a-4651-a849-01ac60551ab2,,US
Kurt Vile,37,(watch my moves),Album,2022,e07a111e-4e8a-4651-a849-01ac60551ab2,,US
Kurt Vile,37,Childish Prodigy,Album,2009,e07a111e-4e8a-4651-a849-01ac60551ab2,,"GB, US"
Kurt Vile,37,Wakin on a Pretty Daze,Album,2013,e07a111e-4e8a-4651-a849-01ac60551ab2,,"GB, US"
Daniel Romano,38,Finally Free,Album,2018,4c368da6-e355-42e6-93d3-830b7e080d82,,US
Daniel Romano,38,Mosey,Album,2016,4c368da6-e355-42e6-93d3-830b7e080d82,,US
Daniel Romano,38,Modern Pressure,Album,2017,4c368da6-e355-42e6-93d3-830b7e080d82,,US
Daniel Romano,38,If I’ve Only One Time Askin’,Album,2015,4c368da6-e355-42e6-93d3-830b7e080d82,,US
Daniel Romano,38,Come Cry With Me,Album,2013,4c368da6-e355-42e6-93d3-830b7e080d82,,US
The Allman Betts Band,39,Down to the River,Album,2019,1dac1e7d-1eab-4e0c-8545-d027e0088cc2,,US
Unknown Mortal Orchestra,40,Unknown Mortal Orchestra,Album,2011,e2305342-0bde-4a2c-aed0-4b88694834de,,"GB, US"
Unknown Mortal Orchestra,40,V,Album,2023,e2305342-0bde-4a2c-aed0-4b88694834de,,US
Unknown Mortal Orchestra,40,II,Album,2013,e2305342-0bde-4a2c-aed0-4b88694834de,,"GB, US"
Unknown Mortal Orchestra,40,Sex & Food,Album,2018,e2305342-0bde-4a2c-aed0-4b88694834de,,US
Unknown Mortal Orchestra,40,Multi‐Love,Album,2015,e2305342-0bde-4a2c-aed0-4b88694834de,,US
Gang Starr,41,No More Mr. Nice Guy,Album,1989,9ef8042a-2528-4f5c-b7c1-5e72b1efe170,,US
Gang Starr,41,Daily Operation,Album,1992,9ef8042a-2528-4f5c-b7c1-5e72b1efe170,,"GB, US"
Gang Starr,41,Moment of Truth,Album,1998,9ef8042a-2528-4f5c-b7c1-5e72b1efe170,,US
Gang Starr,41,Hard to Earn,Album,1994,9ef8042a-2528-4f5c-b7c1-5e72b1efe170,,"GB, US"
Gang Starr,41,One of the Best Yet,Album,2019,9ef8042a-2528-4f5c-b7c1-5e72b1efe170,,US
Gang Starr,41,The Ownerz,Album,2003,9ef8042a-2528-4f5c-b7c1-5e72b1efe170,,US
Gang Starr,41,Step in the Arena,Album,1990,9ef8042a-2528-4f5c-b7c1-5e72b1efe170,,"GB, US"
Boston,42,Don’t Look Back,Album,1978,0d8b0d50-e4cf-4da4-965d-f24c58ec3268,,US
Boston,42,Walk On,Album,1994,0d8b0d50-e4cf-4da4-965d-f24c58ec3268,,US
Boston,42,"Life, Love & Hope",Album,2013,0d8b0d50-e4cf-4da4-965d-f24c58ec3268,,US
Boston,42,Corporate America,Album,2002,0d8b0d50-e4cf-4da4-965d-f24c58ec3268,,US
Boston,42,Third Stage,Album,1986,0d8b0d50-e4cf-4da4-965d-f24c58ec3268,,"GB, US"
Boston,42,Boston,Album,1976,0d8b0d50-e4cf-4da4-965d-f24c58ec3268,,"GB, US"
Common,44,Black America Again,Album,2016,c0a1179b-b14a-4d68-a3c1-1fdab16ed602,,US
Common,44,Resurrection,Album,1994,c0a1179b-b14a-4d68-a3c1-1fdab16ed602,,US
Common,44,Nobody’s Smiling,Album,2014,c0a1179b-b14a-4d68-a3c1-1fdab16ed602,,US
Common,44,One Day It’ll All Make Sense,Album,1997,c0a1179b-b14a-4d68-a3c1-1fdab16ed602,,US
Common,44,Can I Borrow a Dollar?,Album,1992,c0a1179b-b14a-4d68-a3c1-1fdab16ed602,,US
Common,44,"A Beautiful Revolution, Pt. 2",Album,2021,c0a1179b-b14a-4d68-a3c1-1fdab16ed602,,US
Common,44,Finding Forever,Album,2007,c0a1179b-b14a-4d68-a3c1-1fdab16ed602,,"GB, US"
Common,44,"A Beautiful Revolution, Pt. 1",Album,2020,c0a1179b-b14a-4d68-a3c1-1fdab16ed602,,US
Common,44,The Dreamer / The Believer,Album,2011,c0a1179b-b14a-4d68-a3c1-1fdab16ed602,,US
Common,44,Electric Circus,Album,2002,c0a1179b-b14a-4d68-a3c1-1fdab16ed602,,"GB, US"
Common,44,Be,Album,2005,c0a1179b-b14a-4d68-a3c1-1fdab16ed602,,"GB, US"
Common,44,Universal Mind Control,Album,2008,c0a1179b-b14a-4d68-a3c1-1fdab16ed602,,"GB, US"
Common,44,Two,Album,2020,c0a1179b-b14a-4d68-a3c1-1fdab16ed602,,US
Common,44,Let Love,Album,2019,c0a1179b-b14a-4d68-a3c1-1fdab16ed602,,US
Common,44,Like Water for Chocolate,Album,2000,c0a1179b-b14a-4d68-a3c1-1fdab16ed602,,US
Common,44,"The Auditorium, Vol. 1",Album,2024,c0a1179b-b14a-4d68-a3c1-1fdab16ed602,,US
Creedence Clearwater Revival,45,Cosmo’s Factory,Album,1970,109958eb-a335-4c5e-907e-597ff4c6af46,,"GB, US"
Creedence Clearwater Revival,45,Willy and the Poor Boys,Album,1969,109958eb-a335-4c5e-907e-597ff4c6af46,,US
Creedence Clearwater Revival,45,Green River,Album,1969,109958eb-a335-4c5e-907e-597ff4c6af46,,"GB, US"
Creedence Clearwater Revival,45,Creedence Clearwater Revival,Album,1968,109958eb-a335-4c5e-907e-597ff4c6af46,,"GB, US"
Creedence Clearwater Revival,45,Mardi Gras,Album,1972,109958eb-a335-4c5e-907e-597ff4c6af46,,"GB, US"
Creedence Clearwater Revival,45,Pendulum,Album,1970,109958eb-a335-4c5e-907e-597ff4c6af46,,"GB, US"
Creedence Clearwater Revival,45,Bayou Country,Album,1969,109958eb-a335-4c5e-907e-597ff4c6af46,,"GB, US"
Led Zeppelin,46,Led Zeppelin,Album,1969,678d88b2-87b0-403b-b63d-5da7465aecc3,,"GB, US"
Led Zeppelin,46,Physical Graffiti,Album,1975,678d88b2-87b0-403b-b63d-5da7465aecc3,,"GB, US"
Led Zeppelin,46,[Led Zeppelin IV],Album,1971,678d88b2-87b0-403b-b63d-5da7465aecc3,,"GB, US"
Led Zeppelin,46,In Through the Out Door,Album,1979,678d88b2-87b0-403b-b63d-5da7465aecc3,,"GB, US"
Led Zeppelin,46,Led Zeppelin II,Album,1969,678d88b2-87b0-403b-b63d-5da7465aecc3,,"GB, US"
Led Zeppelin,46,Presence,Album,1976,678d88b2-87b0-403b-b63d-5da7465aecc3,,"GB, US"
Led Zeppelin,46,Led Zeppelin III,Album,1970,678d88b2-87b0-403b-b63d-5da7465aecc3,,"GB, US"
Led Zeppelin,46,Coda,Album,1982,678d88b2-87b0-403b-b63d-5da7465aecc3,,"GB, US"
Led Zeppelin,46,Houses of the Holy,Album,1973,678d88b2-87b0-403b-b63d-5da7465aecc3,,"GB, US"
"Crosby, Stills & Nash",47,CSN,Album,1977,cfafad90-b736-4c74-8ded-f3f4d7b2c792,,"GB, US"
"Crosby, Stills & Nash",47,Daylight Again,Album,1982,cfafad90-b736-4c74-8ded-f3f4d7b2c792,,US
"Crosby, Stills & Nash",47,After the Storm,Album,1994,cfafad90-b736-4c74-8ded-f3f4d7b2c792,,US
"Crosby, Stills & Nash",47,"Crosby, Stills & Nash",Album,1969,cfafad90-b736-4c74-8ded-f3f4d7b2c792,,"GB, US"
"Crosby, Stills & Nash",47,Live It Up,Album,1990,cfafad90-b736-4c74-8ded-f3f4d7b2c792,,US
Fats Domino,48,This Is Fats,Album,1957,e787de5d-49e2-4b1f-9bde-1fd3a671b971,,US
Fats Domino,48,Greatest Hits Live,Album,1988,e787de5d-49e2-4b1f-9bde-1fd3a671b971,,US
Fats Domino,48,Fats,Album,1971,e787de5d-49e2-4b1f-9bde-1fd3a671b971,,US
Fats Domino,48,Let the Four Winds Blow,Album,1961,e787de5d-49e2-4b1f-9bde-1fd3a671b971,,"GB, US"
Fats Domino,48,"The Fabulous ""Mr. D""",Album,1958,e787de5d-49e2-4b1f-9bde-1fd3a671b971,,US
Fats Domino,48,I Miss You So,Album,1961,e787de5d-49e2-4b1f-9bde-1fd3a671b971,,US
Fats Domino,48,Getaway With Fats Domino,Album,1965,e787de5d-49e2-4b1f-9bde-1fd3a671b971,,US
Fats Domino,48,Fats Domino Rock and Rollin’,Album,1956,e787de5d-49e2-4b1f-9bde-1fd3a671b971,,"GB, US"
Fats Domino,48,Here Comes... Fats Domino,Album,1963,e787de5d-49e2-4b1f-9bde-1fd3a671b971,,US
Fats Domino,48,Here He Comes Again!,Album,1963,e787de5d-49e2-4b1f-9bde-1fd3a671b971,,US
Fats Domino,48,Let’s Dance With Domino,Album,1963,e787de5d-49e2-4b1f-9bde-1fd3a671b971,,US
Fats Domino,48,Let’s Play Fats Domino,Album,1959,e787de5d-49e2-4b1f-9bde-1fd3a671b971,,US
Fats Domino,48,Twistin’ the Stomp,Album,1962,e787de5d-49e2-4b1f-9bde-1fd3a671b971,,"GB, US"
Fats Domino,48,Here Stands Fats Domino,Album,1957,e787de5d-49e2-4b1f-9bde-1fd3a671b971,,US
Fats Domino,48,...A Lot of Dominos!,Album,1960,e787de5d-49e2-4b1f-9bde-1fd3a671b971,,US
Fats Domino,48,Walking to New Orleans,Album,1963,e787de5d-49e2-4b1f-9bde-1fd3a671b971,,"GB, US"
Fats Domino,48,Just Domino,Album,1962,e787de5d-49e2-4b1f-9bde-1fd3a671b971,,US
Fats Domino,48,Christmas Is a Special Day,Album,1993,e787de5d-49e2-4b1f-9bde-1fd3a671b971,,US
Fats Domino,48,This Is Fats Domino!,Album,1956,e787de5d-49e2-4b1f-9bde-1fd3a671b971,,US
Fats Domino,48,What a Party!,Album,1961,e787de5d-49e2-4b1f-9bde-1fd3a671b971,,US
Fats Domino,48,Fats on Fire,Album,1964,e787de5d-49e2-4b1f-9bde-1fd3a671b971,,US
Fats Domino,48,The Fats Domino Collection - The Golden Greats,Album,1988,e787de5d-49e2-4b1f-9bde-1fd3a671b971,,US
Fats Domino,48,Sleeping on the Job,Album,1979,e787de5d-49e2-4b1f-9bde-1fd3a671b971,,US
Fats Domino,48,Fats Domino Sings Million Record Hits,Album,1960,e787de5d-49e2-4b1f-9bde-1fd3a671b971,,US
Fats Domino,48,Rock and Rollin’ With Fats Domino,Album,1956,e787de5d-49e2-4b1f-9bde-1fd3a671b971,,"GB, US"
Fats Domino,48,Fats Is Back,Album,1968,e787de5d-49e2-4b1f-9bde-1fd3a671b971,,US
Fats Domino,48,Alive and Kickin’,Album,2006,e787de5d-49e2-4b1f-9bde-1fd3a671b971,,US
Pusha T,49,My Name Is My Name,Album,2013,14ecd19f-7121-4192-8549-e5056241a42f,,US
Pusha T,49,King Push – Darkest Before Dawn: The Prelude,Album,2015,14ecd19f-7121-4192-8549-e5056241a42f,,US
Pusha T,49,It’s Almost Dry,Album,2022,14ecd19f-7121-4192-8549-e5056241a42f,,US
Pusha T,49,DAYTONA,Album,2018,14ecd19f-7121-4192-8549-e5056241a42f,,US
El Michels Affair,50,Enter the 37th Chamber,Album,2009,dbf0a5c5-3665-4495-b13b-99438a6a0900,,"GB, US"
El Michels Affair,50,Sounding Out the City,Album,2005,dbf0a5c5-3665-4495-b13b-99438a6a0900,,US
El Michels Affair,50,Glorious Game,Album,2023,dbf0a5c5-3665-4495-b13b-99438a6a0900,,US
El Michels Affair,50,Yeti Season,Album,2021,dbf0a5c5-3665-4495-b13b-99438a6a0900,,US
El Michels Affair,50,Adult Themes,Album,2020,dbf0a5c5-3665-4495-b13b-99438a6a0900,,US
Jackson Browne,51,Looking East,Album,1996,88527d26-7496-47c5-8358-ebdb1868a90f,,US
Jackson Browne,51,Time the Conqueror,Album,2008,88527d26-7496-47c5-8358-ebdb1868a90f,,US
Jackson Browne,51,The Naked Ride Home,Album,2002,88527d26-7496-47c5-8358-ebdb1868a90f,,US
Jackson Browne,51,"11-9-2003 Davenport, Iowa",Album,2003,88527d26-7496-47c5-8358-ebdb1868a90f,,US
Jackson Browne,51,Jackson Browne / Saturate Before Using,Album,1972,88527d26-7496-47c5-8358-ebdb1868a90f,,US
Jackson Browne,51,Standing in the Breach,Album,2014,88527d26-7496-47c5-8358-ebdb1868a90f,,US
Jackson Browne,51,I’m Alive,Album,1993,88527d26-7496-47c5-8358-ebdb1868a90f,,US
Jackson Browne,51,World In Motion,Album,1989,88527d26-7496-47c5-8358-ebdb1868a90f,,US
Jackson Browne,51,The Pretender,Album,1976,88527d26-7496-47c5-8358-ebdb1868a90f,,"GB, US"
Jackson Browne,51,Downhill From Everywhere,Album,2021,88527d26-7496-47c5-8358-ebdb1868a90f,,GB
Jackson Browne,51,Lawyers in Love,Album,1983,88527d26-7496-47c5-8358-ebdb1868a90f,,US
Jackson Browne,51,For Everyman,Album,1973,88527d26-7496-47c5-8358-ebdb1868a90f,,"GB, US"
Jackson Browne,51,Hold Out,Album,1980,88527d26-7496-47c5-8358-ebdb1868a90f,,US
Jackson Browne,51,Lives in the Balance,Album,1986,88527d26-7496-47c5-8358-ebdb1868a90f,,US
Jackson Browne,51,Late for the Sky,Album,1974,88527d26-7496-47c5-8358-ebdb1868a90f,,"GB, US"
Grateful Dead,52,Terrapin Station,Album,1977,6faa7ca7-0d99-4a5e-bfa6-1fd5037520c6,,US
Grateful Dead,52,Blues for Allah,Album,1975,6faa7ca7-0d99-4a5e-bfa6-1fd5037520c6,,"GB, US"
Grateful Dead,52,The Grateful Dead,Album,1967,6faa7ca7-0d99-4a5e-bfa6-1fd5037520c6,,"GB, US"
Grateful Dead,52,From the Mars Hotel,Album,1974,6faa7ca7-0d99-4a5e-bfa6-1fd5037520c6,,US
Grateful Dead,52,Aoxomoxoa,Album,1969,6faa7ca7-0d99-4a5e-bfa6-1fd5037520c6,,"GB, US"
Grateful Dead,52,Wake of the Flood,Album,1973,6faa7ca7-0d99-4a5e-bfa6-1fd5037520c6,,US
Grateful Dead,52,Workingman’s Dead,Album,1970,6faa7ca7-0d99-4a5e-bfa6-1fd5037520c6,,"GB, US"
Grateful Dead,52,Shakedown Street,Album,1978,6faa7ca7-0d99-4a5e-bfa6-1fd5037520c6,,US
Grateful Dead,52,Built to Last,Album,1989,6faa7ca7-0d99-4a5e-bfa6-1fd5037520c6,,US
Grateful Dead,52,In the Dark,Album,1987,6faa7ca7-0d99-4a5e-bfa6-1fd5037520c6,,"GB, US"
Grateful Dead,52,American Beauty,Album,1970,6faa7ca7-0d99-4a5e-bfa6-1fd5037520c6,,"GB, US"
Grateful Dead,52,Go to Heaven,Album,1980,6faa7ca7-0d99-4a5e-bfa6-1fd5037520c6,,US
Grateful Dead,52,Anthem of the Sun,Album,1968,6faa7ca7-0d99-4a5e-bfa6-1fd5037520c6,,"GB, US"
Grateful Dead,52,1985-09-07 - Red Rocks Amphitheatre,Album,1998,6faa7ca7-0d99-4a5e-bfa6-1fd5037520c6,,US
White Denim,53,Fits,Album,2009,42e49814-6058-431c-80e2-a3aab424060d,,"GB, US"
White Denim,53,Exposion,Album,2008,42e49814-6058-431c-80e2-a3aab424060d,,US
White Denim,53,12,Album,2024,42e49814-6058-431c-80e2-a3aab424060d,,"GB, US"
White Denim,53,Performance,Album,2018,42e49814-6058-431c-80e2-a3aab424060d,,US
White Denim,53,Last Day of Summer,Album,2010,42e49814-6058-431c-80e2-a3aab424060d,,GB
White Denim,53,Workout Holiday,Album,2008,42e49814-6058-431c-80e2-a3aab424060d,,GB
White Denim,53,Stiff,Album,2016,42e49814-6058-431c-80e2-a3aab424060d,,"GB, US"
White Denim,53,D,Album,2011,42e49814-6058-431c-80e2-a3aab424060d,,"GB, US"
White Denim,53,Side Effects,Album,2019,42e49814-6058-431c-80e2-a3aab424060d,,US
White Denim,53,Corsicana Lemonade,Album,2013,42e49814-6058-431c-80e2-a3aab424060d,,US
Rod Stewart,54,Another Country,Album,2015,a35237a0-4f47-40a6-b6f3-1e786db23402,,"GB, US"
Rod Stewart,54,Once in a Blue Moon (The Lost Album),Album,2009,a35237a0-4f47-40a6-b6f3-1e786db23402,,US
Rod Stewart,54,Smiler,Album,1974,a35237a0-4f47-40a6-b6f3-1e786db23402,,"GB, US"
Rod Stewart,54,Foot Loose & Fancy Free,Album,1977,a35237a0-4f47-40a6-b6f3-1e786db23402,,"GB, US"
Rod Stewart,54,An Old Raincoat Won’t Ever Let You Down,Album,1969,a35237a0-4f47-40a6-b6f3-1e786db23402,,"GB, US"
Rod Stewart,54,Blondes Have More Fun,Album,1978,a35237a0-4f47-40a6-b6f3-1e786db23402,,US
Rod Stewart,54,Human,Album,2001,a35237a0-4f47-40a6-b6f3-1e786db23402,,US
Rod Stewart,54,Time,Album,2013,a35237a0-4f47-40a6-b6f3-1e786db23402,,GB
Rod Stewart,54,It Had to Be You… The Great American Songbook,Album,2002,a35237a0-4f47-40a6-b6f3-1e786db23402,,US
Rod Stewart,54,Every Beat of My Heart,Album,1986,a35237a0-4f47-40a6-b6f3-1e786db23402,,"GB, US"
Rod Stewart,54,A Spanner in the Works,Album,1995,a35237a0-4f47-40a6-b6f3-1e786db23402,,US
Rod Stewart,54,Swing Fever,Album,2024,a35237a0-4f47-40a6-b6f3-1e786db23402,,GB
Rod Stewart,54,Atlantic Crossing,Album,1975,a35237a0-4f47-40a6-b6f3-1e786db23402,,"GB, US"
Rod Stewart,54,Never a Dull Moment,Album,1972,a35237a0-4f47-40a6-b6f3-1e786db23402,,"GB, US"
Rod Stewart,54,"Stardust… The Great American Songbook, Volume Ⅲ",Album,2004,a35237a0-4f47-40a6-b6f3-1e786db23402,,"GB, US"
Rod Stewart,54,"Merry Christmas, Baby",Album,2012,a35237a0-4f47-40a6-b6f3-1e786db23402,,US
Rod Stewart,54,"Thanks for the Memory… The Great American Songbook, Volume Ⅳ",Album,2005,a35237a0-4f47-40a6-b6f3-1e786db23402,,"GB, US"
Rod Stewart,54,Gasoline Alley,Album,1970,a35237a0-4f47-40a6-b6f3-1e786db23402,,"GB, US"
Rod Stewart,54,Tonight I’m Yours,Album,1981,a35237a0-4f47-40a6-b6f3-1e786db23402,,US
Rod Stewart,54,"As Time Goes By… The Great American Songbook, Vol. II",Album,2003,a35237a0-4f47-40a6-b6f3-1e786db23402,,"GB, US"
Rod Stewart,54,Out of Order,Album,1988,a35237a0-4f47-40a6-b6f3-1e786db23402,,US
Rod Stewart,54,Blood Red Roses,Album,2018,a35237a0-4f47-40a6-b6f3-1e786db23402,,US
Rod Stewart,54,Foolish Behaviour,Album,1980,a35237a0-4f47-40a6-b6f3-1e786db23402,,"GB, US"
Rod Stewart,54,Still the Same… Great Rock Classics of Our Time,Album,2006,a35237a0-4f47-40a6-b6f3-1e786db23402,,"GB, US"
Rod Stewart,54,Body Wishes,Album,1983,a35237a0-4f47-40a6-b6f3-1e786db23402,,GB
Rod Stewart,54,Camouflage,Album,1984,a35237a0-4f47-40a6-b6f3-1e786db23402,,"GB, US"
Rod Stewart,54,Every Picture Tells a Story,Album,1971,a35237a0-4f47-40a6-b6f3-1e786db23402,,"GB, US"
Rod Stewart,54,Soulbook,Album,2009,a35237a0-4f47-40a6-b6f3-1e786db23402,,"GB, US"
Rod Stewart,54,When We Were the New Boys,Album,1998,a35237a0-4f47-40a6-b6f3-1e786db23402,,"GB, US"
Rod Stewart,54,A Night on the Town,Album,1976,a35237a0-4f47-40a6-b6f3-1e786db23402,,"GB, US"
Rod Stewart,54,Vagabond Heart,Album,1991,a35237a0-4f47-40a6-b6f3-1e786db23402,,"GB, US"
Rod Stewart,54,"Fly Me to the Moon… The Great American Songbook, Volume Ⅴ",Album,2010,a35237a0-4f47-40a6-b6f3-1e786db23402,,"GB, US"
Rod Stewart,54,Tonight’s the Night: The Rod Stewart Musical,Album,2003,a35237a0-4f47-40a6-b6f3-1e786db23402,,GB
Sam Cooke,55,Twistin’ the Night Away,Album,1962,6c8fd0be-d961-454c-aee0-4366a6dbc993,,US
Sam Cooke,55,Night Beat,Album,1963,6c8fd0be-d961-454c-aee0-4366a6dbc993,,US
Sam Cooke,55,Try a Little Love,Album,1965,6c8fd0be-d961-454c-aee0-4366a6dbc993,,US
Sam Cooke,55,Hits of the 50’s,Album,1960,6c8fd0be-d961-454c-aee0-4366a6dbc993,,US
Sam Cooke,55,3 Great Guys,Album,1963,6c8fd0be-d961-454c-aee0-4366a6dbc993,,US
Sam Cooke,55,Cooke’s Tour,Album,1960,6c8fd0be-d961-454c-aee0-4366a6dbc993,,US
Sam Cooke,55,I Thank God,Album,1960,6c8fd0be-d961-454c-aee0-4366a6dbc993,,US
Sam Cooke,55,Shake,Album,1965,6c8fd0be-d961-454c-aee0-4366a6dbc993,,US
Sam Cooke,55,Swing Low,Album,1961,6c8fd0be-d961-454c-aee0-4366a6dbc993,,US
Sam Cooke,55,Songs by Sam Cooke,Album,1958,6c8fd0be-d961-454c-aee0-4366a6dbc993,,US
Sam Cooke,55,Tribute to the Lady,Album,1959,6c8fd0be-d961-454c-aee0-4366a6dbc993,,"GB, US"
Sam Cooke,55,Ain’t That Good News,Album,1964,6c8fd0be-d961-454c-aee0-4366a6dbc993,,US
Sam Cooke,55,My Kind of Blues,Album,1961,6c8fd0be-d961-454c-aee0-4366a6dbc993,,US
Sam Cooke,55,Encore,Album,1958,6c8fd0be-d961-454c-aee0-4366a6dbc993,,US
Sam Cooke,55,Sam’s Songs,Album,1961,6c8fd0be-d961-454c-aee0-4366a6dbc993,,US
Sam Cooke,55,Mr. Soul,Album,1963,6c8fd0be-d961-454c-aee0-4366a6dbc993,,US
Queen,56,Sheer Heart Attack,Album,1974,0383dadf-2a4e-4d10-a46a-e9e041da8eb3,,"GB, US"
Queen,56,The Miracle,Album,1989,0383dadf-2a4e-4d10-a46a-e9e041da8eb3,,"GB, US"
Queen,56,Hot Space,Album,1982,0383dadf-2a4e-4d10-a46a-e9e041da8eb3,,"GB, US"
Queen,56,The Works,Album,1984,0383dadf-2a4e-4d10-a46a-e9e041da8eb3,,"GB, US"
Queen,56,A Night at the Opera,Album,1975,0383dadf-2a4e-4d10-a46a-e9e041da8eb3,,"GB, US"
Queen,56,The Game,Album,1980,0383dadf-2a4e-4d10-a46a-e9e041da8eb3,,"GB, US"
Queen,56,Made in Heaven,Album,1995,0383dadf-2a4e-4d10-a46a-e9e041da8eb3,,"GB, US"
Queen,56,Queen,Album,1973,0383dadf-2a4e-4d10-a46a-e9e041da8eb3,,"GB, US"
Queen,56,A Kind of Magic,Album,1986,0383dadf-2a4e-4d10-a46a-e9e041da8eb3,,"GB, US"
Queen,56,Queen II,Album,1974,0383dadf-2a4e-4d10-a46a-e9e041da8eb3,,"GB, US"
Queen,56,A Day at the Races,Album,1976,0383dadf-2a4e-4d10-a46a-e9e041da8eb3,,"GB, US"
Queen,56,News of the World,Album,1977,0383dadf-2a4e-4d10-a46a-e9e041da8eb3,,"GB, US"
Queen,56,Jazz,Album,1978,0383dadf-2a4e-4d10-a46a-e9e041da8eb3,,"GB, US"
Queen,56,Innuendo,Album,1991,0383dadf-2a4e-4d10-a46a-e9e041da8eb3,,"GB, US"
Tycho,57,Weather,Album,2019,cbef45a9-7acb-4325-94c9-70081ac8d1b8,,"GB, US"
Tycho,57,Dive,Album,2011,cbef45a9-7acb-4325-94c9-70081ac8d1b8,,US
Tycho,57,Infinite Health,Album,2024,cbef45a9-7acb-4325-94c9-70081ac8d1b8,,US
Tycho,57,Epoch,Album,2016,cbef45a9-7acb-4325-94c9-70081ac8d1b8,,US
Tycho,57,Simulcast,Album,2020,cbef45a9-7acb-4325-94c9-70081ac8d1b8,,GB
Tycho,57,Awake,Album,2014,cbef45a9-7acb-4325-94c9-70081ac8d1b8,,US
Tycho,57,Sunrise Projector / Past Is Prologue,Album,2004,cbef45a9-7acb-4325-94c9-70081ac8d1b8,,US
John Lennon,58,Archives Volume One,Album,1988,4d5447d7-c61c-4120-ba1b-d7f471d385b9,,US
John Lennon,58,Mind Games (The Evolution Documentary),Album,2024,4d5447d7-c61c-4120-ba1b-d7f471d385b9,,US
John Lennon,58,Archives Volume Five,Album,1988,4d5447d7-c61c-4120-ba1b-d7f471d385b9,,US
John Lennon,58,Home tapes,Album,2010,4d5447d7-c61c-4120-ba1b-d7f471d385b9,,GB
John Lennon,58,Rock ’n’ Roll,Album,1975,4d5447d7-c61c-4120-ba1b-d7f471d385b9,,"GB, US"
John Lennon,58,Mind Games,Album,1973,4d5447d7-c61c-4120-ba1b-d7f471d385b9,,"GB, US"
John Lennon,58,The Lost Sleepy Blind Lemon Lennon Album,Album,1990,4d5447d7-c61c-4120-ba1b-d7f471d385b9,,US
John Lennon,58,Archives Volume Three,Album,1988,4d5447d7-c61c-4120-ba1b-d7f471d385b9,,US
John Lennon,58,Double Fantasy,Album,1980,4d5447d7-c61c-4120-ba1b-d7f471d385b9,,"GB, US"
John Lennon,58,Absolute Elsewhere: The Ultimate Mind Games Anthology,Album,1997,4d5447d7-c61c-4120-ba1b-d7f471d385b9,,US
John Lennon,58,Mind Games The Elements Mixes 2024,Album,2024,4d5447d7-c61c-4120-ba1b-d7f471d385b9,,US
John Lennon,58,John Lennon/Plastic Ono Band,Album,1970,4d5447d7-c61c-4120-ba1b-d7f471d385b9,,"GB, US"
John Lennon,58,Imagine: The Alternate Album,Album,1990,4d5447d7-c61c-4120-ba1b-d7f471d385b9,,US
John Lennon,58,Milk and Honey,Album,1984,4d5447d7-c61c-4120-ba1b-d7f471d385b9,,US
John Lennon,58,Wedding Album,Album,1969,4d5447d7-c61c-4120-ba1b-d7f471d385b9,,"GB, US"
John Lennon,58,Unfinished Music No. 2: Life With the Lions,Album,1969,4d5447d7-c61c-4120-ba1b-d7f471d385b9,,US
John Lennon,58,Unfinished Music No. 1: Two Virgins,Album,1968,4d5447d7-c61c-4120-ba1b-d7f471d385b9,,US
John Lennon,58,Free as a Bird: The Dakota Beatle Demos,Album,1996,4d5447d7-c61c-4120-ba1b-d7f471d385b9,,US
John Lennon,58,Archives Volume Four,Album,1988,4d5447d7-c61c-4120-ba1b-d7f471d385b9,,US
John Lennon,58,Walls and Bridges,Album,1974,4d5447d7-c61c-4120-ba1b-d7f471d385b9,,"GB, US"
John Lennon,58,Some Time in New York City,Album,1972,4d5447d7-c61c-4120-ba1b-d7f471d385b9,,"GB, US"
John Lennon,58,"Litolff: Scherzo / Tchaikovsky: Marche Slave / Offenbach: Dances from ""Gaite Parisienne"" / Lennon-McCartney: Yesterday",Album,1996,4d5447d7-c61c-4120-ba1b-d7f471d385b9,,GB
John Lennon,58,Imagine,Album,1971,4d5447d7-c61c-4120-ba1b-d7f471d385b9,,"GB, US"
John Lennon,58,Imagine: All the Outtakes,Album,1994,4d5447d7-c61c-4120-ba1b-d7f471d385b9,,US
Black Sabbath,59,TYR,Album,1990,5182c1d9-c7d2-4dad-afa0-ccfeada921a8,,"GB, US"
Black Sabbath,59,Cross Purposes,Album,1994,5182c1d9-c7d2-4dad-afa0-ccfeada921a8,,"GB, US"
Black Sabbath,59,Dehumanizer,Album,1992,5182c1d9-c7d2-4dad-afa0-ccfeada921a8,,"GB, US"
Black Sabbath,59,Headless Cross,Album,1989,5182c1d9-c7d2-4dad-afa0-ccfeada921a8,,"GB, US"
Black Sabbath,59,Mob Rules,Album,1981,5182c1d9-c7d2-4dad-afa0-ccfeada921a8,,"GB, US"
Black Sabbath,59,Heaven and Hell,Album,1980,5182c1d9-c7d2-4dad-afa0-ccfeada921a8,,"GB, US"
Black Sabbath,59,13,Album,2013,5182c1d9-c7d2-4dad-afa0-ccfeada921a8,,"GB, US"
Black Sabbath,59,Black Sabbath,Album,1970,5182c1d9-c7d2-4dad-afa0-ccfeada921a8,,"GB, US"
Black Sabbath,59,Vol 4,Album,1972,5182c1d9-c7d2-4dad-afa0-ccfeada921a8,,"GB, US"
Black Sabbath,59,Sabotage,Album,1975,5182c1d9-c7d2-4dad-afa0-ccfeada921a8,,"GB, US"
Black Sabbath,59,Seventh Star,Album,1986,5182c1d9-c7d2-4dad-afa0-ccfeada921a8,,"GB, US"
Black Sabbath,59,Paranoid,Album,1970,5182c1d9-c7d2-4dad-afa0-ccfeada921a8,,"GB, US"
Black Sabbath,59,Forbidden,Album,1995,5182c1d9-c7d2-4dad-afa0-ccfeada921a8,,"GB, US"
Black Sabbath,59,Sabbath Bloody Sabbath,Album,1973,5182c1d9-c7d2-4dad-afa0-ccfeada921a8,,"GB, US"
Black Sabbath,59,Technical Ecstasy,Album,1976,5182c1d9-c7d2-4dad-afa0-ccfeada921a8,,"GB, US"
Black Sabbath,59,Born Again,Album,1983,5182c1d9-c7d2-4dad-afa0-ccfeada921a8,,"GB, US"
Black Sabbath,59,Master of Reality,Album,1971,5182c1d9-c7d2-4dad-afa0-ccfeada921a8,,"GB, US"
Black Sabbath,59,Never Say Die!,Album,1978,5182c1d9-c7d2-4dad-afa0-ccfeada921a8,,"GB, US"
Black Sabbath,59,The Eternal Idol,Album,1987,5182c1d9-c7d2-4dad-afa0-ccfeada921a8,,"GB, US"
Elvis Presley,60,"Elvis Country: I’m 10,000 Years Old",Album,1971,01809552-4f87-45b0-afff-2c6f0730a3be,,"GB, US"
Elvis Presley,60,Elvis Sings the Wonderful World of Christmas,Album,1971,01809552-4f87-45b0-afff-2c6f0730a3be,,US
Elvis Presley,60,From Elvis in Memphis,Album,1969,01809552-4f87-45b0-afff-2c6f0730a3be,,"GB, US"
Elvis Presley,60,Elvis Presley,Album,1956,01809552-4f87-45b0-afff-2c6f0730a3be,,"GB, US"
Elvis Presley,60,Elvis Now,Album,1972,01809552-4f87-45b0-afff-2c6f0730a3be,,US
Elvis Presley,60,Elvis Is Back!,Album,1960,01809552-4f87-45b0-afff-2c6f0730a3be,,"GB, US"
Elvis Presley,60,Elvis,Album,1973,01809552-4f87-45b0-afff-2c6f0730a3be,,US
Elvis Presley,60,Raised on Rock / For Ol’ Times Sake,Album,1973,01809552-4f87-45b0-afff-2c6f0730a3be,,US
Elvis Presley,60,Elvis’ Christmas Album,Album,1957,01809552-4f87-45b0-afff-2c6f0730a3be,,US
Elvis Presley,60,"From Elvis Presley Boulevard, Memphis, Tennessee",Album,1976,01809552-4f87-45b0-afff-2c6f0730a3be,,US
Elvis Presley,60,Elvis for Everyone!,Album,1965,01809552-4f87-45b0-afff-2c6f0730a3be,,US
Elvis Presley,60,Elvis,Album,1956,01809552-4f87-45b0-afff-2c6f0730a3be,,"GB, US"
Elvis Presley,60,How Great Thou Art,Album,1967,01809552-4f87-45b0-afff-2c6f0730a3be,,US
Elvis Presley,60,Pot Luck,Album,1962,01809552-4f87-45b0-afff-2c6f0730a3be,,"GB, US"
Elvis Presley,60,That’s the Way It Is,Album,1970,01809552-4f87-45b0-afff-2c6f0730a3be,,US
Elvis Presley,60,Promised Land,Album,1975,01809552-4f87-45b0-afff-2c6f0730a3be,,US
Elvis Presley,60,Moody Blue,Album,1977,01809552-4f87-45b0-afff-2c6f0730a3be,,US
Elvis Presley,60,He Touched Me,Album,1972,01809552-4f87-45b0-afff-2c6f0730a3be,,US
Elvis Presley,60,Back in Memphis,Album,1969,01809552-4f87-45b0-afff-2c6f0730a3be,,"GB, US"
Elvis Presley,60,Today,Album,1975,01809552-4f87-45b0-afff-2c6f0730a3be,,US
Elvis Presley,60,Something for Everybody,Album,1961,01809552-4f87-45b0-afff-2c6f0730a3be,,"GB, US"
Elvis Presley,60,Good Times,Album,1974,01809552-4f87-45b0-afff-2c6f0730a3be,,"GB, US"
Elvis Presley,60,His Hand in Mine,Album,1960,01809552-4f87-45b0-afff-2c6f0730a3be,,US
Elvis Presley,60,Love Letters From Elvis,Album,1971,01809552-4f87-45b0-afff-2c6f0730a3be,,US
Elvis Presley,60,At Christmas,Album,,01809552-4f87-45b0-afff-2c6f0730a3be,,GB
Elvis Presley,60,Rockin’ With Elvis New Years’ Eve,Album,1977,01809552-4f87-45b0-afff-2c6f0730a3be,,US
Elvis Presley,60,Behind Closed Doors,Album,1979,01809552-4f87-45b0-afff-2c6f0730a3be,,US
Alvvays,63,Blue Rev,Album,2022,99450990-b24e-4132-bb68-235f8c3e2564,,"GB, US"
Alvvays,63,Antisocialites,Album,2017,99450990-b24e-4132-bb68-235f8c3e2564,,US
Alvvays,63,Alvvays,Album,2013,99450990-b24e-4132-bb68-235f8c3e2564,,US
The Jam,66,Setting Sons,Album,1979,23228f18-01d5-493e-94ce-cfcde82a8db2,,"GB, US"
The Jam,66,In the City,Album,1977,23228f18-01d5-493e-94ce-cfcde82a8db2,,"GB, US"
The Jam,66,All Mod Cons,Album,1978,23228f18-01d5-493e-94ce-cfcde82a8db2,,"GB, US"
The Jam,66,Sound Affects,Album,1980,23228f18-01d5-493e-94ce-cfcde82a8db2,,"GB, US"
The Jam,66,This Is the Modern World,Album,1977,23228f18-01d5-493e-94ce-cfcde82a8db2,,"GB, US"
The Jam,66,The Gift,Album,1982,23228f18-01d5-493e-94ce-cfcde82a8db2,,"GB, US"
Jeff Beck,68,Blow by Blow,Album,1975,14a4bc78-1c2d-4ca7-8d1b-9b58076a2a17,,"GB, US"
Jeff Beck,68,Wired,Album,1976,14a4bc78-1c2d-4ca7-8d1b-9b58076a2a17,,"GB, US"
Jeff Beck,68,Loud Hailer,Album,2016,14a4bc78-1c2d-4ca7-8d1b-9b58076a2a17,,US
Jeff Beck,68,There and Back,Album,1980,14a4bc78-1c2d-4ca7-8d1b-9b58076a2a17,,"GB, US"
Jeff Beck,68,Jeff Beck’s Guitar Shop,Album,1989,14a4bc78-1c2d-4ca7-8d1b-9b58076a2a17,,US
Jeff Beck,68,Flash,Album,1985,14a4bc78-1c2d-4ca7-8d1b-9b58076a2a17,,US
Jeff Beck,68,18,Album,2022,14a4bc78-1c2d-4ca7-8d1b-9b58076a2a17,,US
Jeff Beck,68,You Had It Coming,Album,2000,14a4bc78-1c2d-4ca7-8d1b-9b58076a2a17,,US
Jeff Beck,68,Jeff,Album,2003,14a4bc78-1c2d-4ca7-8d1b-9b58076a2a17,,"GB, US"
Jeff Beck,68,Crazy Legs,Album,1993,14a4bc78-1c2d-4ca7-8d1b-9b58076a2a17,,US
Jeff Beck,68,Emotion & Commotion,Album,2010,14a4bc78-1c2d-4ca7-8d1b-9b58076a2a17,,US
Jeff Beck,68,Who Else!,Album,1999,14a4bc78-1c2d-4ca7-8d1b-9b58076a2a17,,"GB, US"
M83,69,DSVII,Album,2019,6d7b7cd4-254b-4c25-83f6-dd20f98ceacd,,"GB, US"
M83,69,Digital Shades [vol. I],Album,2007,6d7b7cd4-254b-4c25-83f6-dd20f98ceacd,,US
M83,69,"Dead Cities, Red Seas & Lost Ghosts",Album,2003,6d7b7cd4-254b-4c25-83f6-dd20f98ceacd,,US
M83,69,"Hurry Up, We’re Dreaming",Album,2011,6d7b7cd4-254b-4c25-83f6-dd20f98ceacd,,"GB, US"
M83,69,Saturdays = Youth,Album,2008,6d7b7cd4-254b-4c25-83f6-dd20f98ceacd,,"GB, US"
M83,69,M83,Album,2001,6d7b7cd4-254b-4c25-83f6-dd20f98ceacd,,US
M83,69,Before the Dawn Heals Us,Album,2005,6d7b7cd4-254b-4c25-83f6-dd20f98ceacd,,US
M83,69,Fantasy,Album,2023,6d7b7cd4-254b-4c25-83f6-dd20f98ceacd,,US
Joey Landreth,70,All That You Dream,Album,2021,4554bcbe-3ca8-4c7f-b5ec-ad2b50694b41,,US
The Notorious B.I.G.,71,Life After Death,Album,1997,d5d97b2b-b83b-4976-814a-056d9076c8c3,,US
The Notorious B.I.G.,71,Ready to Die,Album,1994,d5d97b2b-b83b-4976-814a-056d9076c8c3,,"GB, US"
The Notorious B.I.G.,71,Duets: The Final Chapter,Album,2005,d5d97b2b-b83b-4976-814a-056d9076c8c3,,US
The Notorious B.I.G.,71,Doing It Real Big,Album,2015,d5d97b2b-b83b-4976-814a-056d9076c8c3,,US
Luther Vandross,72,The Night I Fell in Love,Album,1985,816d9b5d-eaf9-4a97-b5f7-6e82cd01aafe,,US
Luther Vandross,72,Dance With My Father,Album,2003,816d9b5d-eaf9-4a97-b5f7-6e82cd01aafe,,US
Luther Vandross,72,Give Me the Reason,Album,1986,816d9b5d-eaf9-4a97-b5f7-6e82cd01aafe,,"GB, US"
Luther Vandross,72,Any Love,Album,1988,816d9b5d-eaf9-4a97-b5f7-6e82cd01aafe,,US
Luther Vandross,72,This Is Christmas,Album,1995,816d9b5d-eaf9-4a97-b5f7-6e82cd01aafe,,US
Luther Vandross,72,Never Too Much,Album,1981,816d9b5d-eaf9-4a97-b5f7-6e82cd01aafe,,"GB, US"
Luther Vandross,72,Songs,Album,1994,816d9b5d-eaf9-4a97-b5f7-6e82cd01aafe,,US
Luther Vandross,72,"Forever, for Always, for Love",Album,1982,816d9b5d-eaf9-4a97-b5f7-6e82cd01aafe,,"GB, US"
Luther Vandross,72,Never Let Me Go,Album,1993,816d9b5d-eaf9-4a97-b5f7-6e82cd01aafe,,US
Luther Vandross,72,Luther Vandross,Album,2001,816d9b5d-eaf9-4a97-b5f7-6e82cd01aafe,,US
Luther Vandross,72,Power of Love,Album,1991,816d9b5d-eaf9-4a97-b5f7-6e82cd01aafe,,US
Luther Vandross,72,Too Much,Album,1999,816d9b5d-eaf9-4a97-b5f7-6e82cd01aafe,,US
Luther Vandross,72,I Know,Album,1998,816d9b5d-eaf9-4a97-b5f7-6e82cd01aafe,,US
Luther Vandross,72,Busy Body,Album,1983,816d9b5d-eaf9-4a97-b5f7-6e82cd01aafe,,US
Luther Vandross,72,Your Secret Love,Album,1996,816d9b5d-eaf9-4a97-b5f7-6e82cd01aafe,,US
Thin Lizzy,73,Chinatown,Album,1980,6a726ac6-019e-455c-8bbb-571a77bed52e,,"GB, US"
Thin Lizzy,73,Renegade,Album,1981,6a726ac6-019e-455c-8bbb-571a77bed52e,,"GB, US"
Thin Lizzy,73,Black Rose: A Rock Legend,Album,1979,6a726ac6-019e-455c-8bbb-571a77bed52e,,"GB, US"
Thin Lizzy,73,Nightlife,Album,1974,6a726ac6-019e-455c-8bbb-571a77bed52e,,"GB, US"
Thin Lizzy,73,Thin Lizzy,Album,1971,6a726ac6-019e-455c-8bbb-571a77bed52e,,"GB, US"
Thin Lizzy,73,Bad Reputation,Album,1977,6a726ac6-019e-455c-8bbb-571a77bed52e,,"GB, US"
Thin Lizzy,73,Vagabonds of the Western World,Album,1973,6a726ac6-019e-455c-8bbb-571a77bed52e,,US
Thin Lizzy,73,Fighting,Album,1975,6a726ac6-019e-455c-8bbb-571a77bed52e,,"GB, US"
Thin Lizzy,73,Johnny the Fox,Album,1976,6a726ac6-019e-455c-8bbb-571a77bed52e,,"GB, US"
Thin Lizzy,73,Jailbreak,Album,1976,6a726ac6-019e-455c-8bbb-571a77bed52e,,"GB, US"
Thin Lizzy,73,Shades of a Blue Orphanage,Album,1972,6a726ac6-019e-455c-8bbb-571a77bed52e,,GB
Thin Lizzy,73,Thunder and Lightning,Album,1983,6a726ac6-019e-455c-8bbb-571a77bed52e,,"GB, US"
The Brian Jonestown Massacre,74,Third World Pyramid,Album,2016,381e8434-109a-439c-8acc-5d328359f2e0,,GB
The Brian Jonestown Massacre,74,Pol-Pot's Pleasure Penthouse,Album,2012,381e8434-109a-439c-8acc-5d328359f2e0,,"GB, US"
The Brian Jonestown Massacre,74,...And This Is Our Music,Album,2003,381e8434-109a-439c-8acc-5d328359f2e0,,US
The Brian Jonestown Massacre,74,My Bloody Underground,Album,2008,381e8434-109a-439c-8acc-5d328359f2e0,,US
The Brian Jonestown Massacre,74,Mini Album Thingy Wingy,Album,2015,381e8434-109a-439c-8acc-5d328359f2e0,,"GB, US"
The Brian Jonestown Massacre,74,Fire Doesn’t Grow on Trees,Album,2022,381e8434-109a-439c-8acc-5d328359f2e0,,GB
The Brian Jonestown Massacre,74,Spacegirl and Other Favorites,Album,1995,381e8434-109a-439c-8acc-5d328359f2e0,,"GB, US"
The Brian Jonestown Massacre,74,The Future Is Your Past,Album,2023,381e8434-109a-439c-8acc-5d328359f2e0,,GB
The Brian Jonestown Massacre,74,Bravery Repetition and Noise,Album,2001,381e8434-109a-439c-8acc-5d328359f2e0,,US
The Brian Jonestown Massacre,74,Musique de film imaginé,Album,2015,381e8434-109a-439c-8acc-5d328359f2e0,,GB
The Brian Jonestown Massacre,74,"Bravery, Repetition, and Noise",Album,2001,381e8434-109a-439c-8acc-5d328359f2e0,,US
The Brian Jonestown Massacre,74,Something Else,Album,2018,381e8434-109a-439c-8acc-5d328359f2e0,,GB
The Brian Jonestown Massacre,74,Strung Out in Heaven,Album,1998,381e8434-109a-439c-8acc-5d328359f2e0,,"GB, US"
The Brian Jonestown Massacre,74,Aufheben,Album,2012,381e8434-109a-439c-8acc-5d328359f2e0,,GB
The Brian Jonestown Massacre,74,Give It Back!,Album,1997,381e8434-109a-439c-8acc-5d328359f2e0,,US
The Brian Jonestown Massacre,74,The Brian Jonestown Massacre,Album,2019,381e8434-109a-439c-8acc-5d328359f2e0,,"GB, US"
The Brian Jonestown Massacre,74,Revelation,Album,2014,381e8434-109a-439c-8acc-5d328359f2e0,,GB
The Brian Jonestown Massacre,74,Take It From the Man!,Album,1996,381e8434-109a-439c-8acc-5d328359f2e0,,"GB, US"
The Brian Jonestown Massacre,74,Methodrone,Album,1995,381e8434-109a-439c-8acc-5d328359f2e0,,"GB, US"
The Brian Jonestown Massacre,74,Their Satanic Majesties' Second Request,Album,1996,381e8434-109a-439c-8acc-5d328359f2e0,,US
The Brian Jonestown Massacre,74,Who Killed Sgt. Pepper?,Album,2010,381e8434-109a-439c-8acc-5d328359f2e0,,GB
The Brian Jonestown Massacre,74,Thank God for Mental Illness,Album,1996,381e8434-109a-439c-8acc-5d328359f2e0,,"GB, US"
The Brian Jonestown Massacre,74,Don't Get Lost,Album,2017,381e8434-109a-439c-8acc-5d328359f2e0,,GB
Yes,75,Open Your Eyes,Album,1997,c1d4f2ba-cf39-460c-9528-6b827d3417a1,,"GB, US"
Yes,75,The Yes Album,Album,1971,c1d4f2ba-cf39-460c-9528-6b827d3417a1,,"GB, US"
Yes,75,90125,Album,1983,c1d4f2ba-cf39-460c-9528-6b827d3417a1,,"GB, US"
Yes,75,The Quest,Album,2021,c1d4f2ba-cf39-460c-9528-6b827d3417a1,,GB
Yes,75,Drama,Album,1980,c1d4f2ba-cf39-460c-9528-6b827d3417a1,,"GB, US"
Yes,75,Close to the Edge,Album,1972,c1d4f2ba-cf39-460c-9528-6b827d3417a1,,"GB, US"
Yes,75,The Ladder,Album,1999,c1d4f2ba-cf39-460c-9528-6b827d3417a1,,"GB, US"
Yes,75,Big Generator,Album,1987,c1d4f2ba-cf39-460c-9528-6b827d3417a1,,"GB, US"
Yes,75,Time and a Word,Album,1970,c1d4f2ba-cf39-460c-9528-6b827d3417a1,,"GB, US"
Yes,75,Union,Album,1991,c1d4f2ba-cf39-460c-9528-6b827d3417a1,,"GB, US"
Yes,75,Talk,Album,1994,c1d4f2ba-cf39-460c-9528-6b827d3417a1,,"GB, US"
Yes,75,Tales From Topographic Oceans,Album,1973,c1d4f2ba-cf39-460c-9528-6b827d3417a1,,"GB, US"
Yes,75,Fragile,Album,1971,c1d4f2ba-cf39-460c-9528-6b827d3417a1,,"GB, US"
Yes,75,Magnification,Album,2001,c1d4f2ba-cf39-460c-9528-6b827d3417a1,,"GB, US"
Yes,75,Tormato,Album,1978,c1d4f2ba-cf39-460c-9528-6b827d3417a1,,"GB, US"
Yes,75,Going for the One,Album,1977,c1d4f2ba-cf39-460c-9528-6b827d3417a1,,"GB, US"
Yes,75,Fly From Here,Album,2011,c1d4f2ba-cf39-460c-9528-6b827d3417a1,,GB
Yes,75,Yes,Album,1969,c1d4f2ba-cf39-460c-9528-6b827d3417a1,,"GB, US"
Yes,75,Relayer,Album,1974,c1d4f2ba-cf39-460c-9528-6b827d3417a1,,"GB, US"
Japanese Breakfast,76,Soft Sounds From Another Planet,Album,2017,8c529495-91f5-4e2f-b71b-adcb66878d04,,US
Japanese Breakfast,76,Psychopomp,Album,2016,8c529495-91f5-4e2f-b71b-adcb66878d04,,US
Japanese Breakfast,76,Jubilee,Album,2021,8c529495-91f5-4e2f-b71b-adcb66878d04,,US
Nick Shoulders,77,All Bad,Album,2023,8b1536e8-860e-41d0-90b1-8a067c9c326b,,US
Explosions In The Sky,80,All of a Sudden I Miss Everyone,Album,2007,4236acde-2ce2-441c-a3d4-38d55f1b5474,,"GB, US"
Explosions In The Sky,80,"Take Care, Take Care, Take Care",Album,2011,4236acde-2ce2-441c-a3d4-38d55f1b5474,,"GB, US"
Explosions In The Sky,80,"Those Who Tell the Truth Shall Die, Those Who Tell the Truth Shall Live Forever",Album,2001,4236acde-2ce2-441c-a3d4-38d55f1b5474,,"GB, US"
Explosions In The Sky,80,The Wilderness,Album,2016,4236acde-2ce2-441c-a3d4-38d55f1b5474,,"GB, US"
Explosions In The Sky,80,End,Album,2023,4236acde-2ce2-441c-a3d4-38d55f1b5474,,"GB, US"
Explosions In The Sky,80,The Earth Is Not a Cold Dead Place,Album,2003,4236acde-2ce2-441c-a3d4-38d55f1b5474,,"GB, US"
Explosions In The Sky,80,"How Strange, Innocence",Album,2000,4236acde-2ce2-441c-a3d4-38d55f1b5474,,US
Chris Stapleton,81,Starting Over,Album,2020,71d58182-aa37-4c04-b21a-efe46ea0f221,,US
Chris Stapleton,81,"From A Room, Volume 2",Album,2017,71d58182-aa37-4c04-b21a-efe46ea0f221,,US
Chris Stapleton,81,Traveller,Album,2015,71d58182-aa37-4c04-b21a-efe46ea0f221,,US
Chris Stapleton,81,Higher,Album,2023,71d58182-aa37-4c04-b21a-efe46ea0f221,,US
Chris Stapleton,81,"From A Room, Volume 1",Album,2017,71d58182-aa37-4c04-b21a-efe46ea0f221,,US
Van Morrison,82,Common One,Album,1980,a41ac10f-0a56-4672-9161-b83f9b223559,,"GB, US"
Van Morrison,82,Enlightenment,Album,1990,a41ac10f-0a56-4672-9161-b83f9b223559,,"GB, US"
Van Morrison,82,Back on Top,Album,1999,a41ac10f-0a56-4672-9161-b83f9b223559,,"GB, US"
Van Morrison,82,A Sense of Wonder,Album,1984,a41ac10f-0a56-4672-9161-b83f9b223559,,GB
Van Morrison,82,The Healing Game,Album,1997,a41ac10f-0a56-4672-9161-b83f9b223559,,GB
Van Morrison,82,You’re Driving Me Crazy,Album,2018,a41ac10f-0a56-4672-9161-b83f9b223559,,US
Van Morrison,82,Moondance,Album,1970,a41ac10f-0a56-4672-9161-b83f9b223559,,"GB, US"
Van Morrison,82,You Win Again,Album,2000,a41ac10f-0a56-4672-9161-b83f9b223559,,"GB, US"
Van Morrison,82,Inarticulate Speech of the Heart,Album,1983,a41ac10f-0a56-4672-9161-b83f9b223559,,"GB, US"
Van Morrison,82,Irish Heartbeat,Album,1988,a41ac10f-0a56-4672-9161-b83f9b223559,,"GB, US"
Van Morrison,82,Magic Time,Album,2005,a41ac10f-0a56-4672-9161-b83f9b223559,,"GB, US"
Van Morrison,82,Beautiful Vision,Album,1982,a41ac10f-0a56-4672-9161-b83f9b223559,,"GB, US"
Van Morrison,82,Hard Nose the Highway,Album,1973,a41ac10f-0a56-4672-9161-b83f9b223559,,"GB, US"
Van Morrison,82,What’s It Gonna Take?,Album,2022,a41ac10f-0a56-4672-9161-b83f9b223559,,"GB, US"
Van Morrison,82,Pay the Devil,Album,2006,a41ac10f-0a56-4672-9161-b83f9b223559,,"GB, US"
Van Morrison,82,A Period of Transition,Album,1977,a41ac10f-0a56-4672-9161-b83f9b223559,,"GB, US"
Van Morrison,82,What’s Wrong With This Picture?,Album,2003,a41ac10f-0a56-4672-9161-b83f9b223559,,"GB, US"
Van Morrison,82,Avalon Sunset,Album,1989,a41ac10f-0a56-4672-9161-b83f9b223559,,"GB, US"
Van Morrison,82,Astral Weeks,Album,1968,a41ac10f-0a56-4672-9161-b83f9b223559,,"GB, US"
Van Morrison,82,"Latest Record Project, Volume 1",Album,2021,a41ac10f-0a56-4672-9161-b83f9b223559,,US
Van Morrison,82,Roll With the Punches,Album,2017,a41ac10f-0a56-4672-9161-b83f9b223559,,US
Van Morrison,82,Tell Me Something: The Songs of Mose Allison,Album,1996,a41ac10f-0a56-4672-9161-b83f9b223559,,US
Van Morrison,82,Accentuate the Positive,Album,2023,a41ac10f-0a56-4672-9161-b83f9b223559,,US
Van Morrison,82,Veedon Fleece,Album,1974,a41ac10f-0a56-4672-9161-b83f9b223559,,"GB, US"
Van Morrison,82,Keep It Simple,Album,2008,a41ac10f-0a56-4672-9161-b83f9b223559,,"GB, US"
Van Morrison,82,Saint Dominic’s Preview,Album,1972,a41ac10f-0a56-4672-9161-b83f9b223559,,"GB, US"
Van Morrison,82,Moving on Skiffle,Album,2023,a41ac10f-0a56-4672-9161-b83f9b223559,,US
Van Morrison,82,Versatile,Album,2017,a41ac10f-0a56-4672-9161-b83f9b223559,,US
Van Morrison,82,Three Chords & the Truth,Album,2019,a41ac10f-0a56-4672-9161-b83f9b223559,,US
Van Morrison,82,Too Long in Exile,Album,1993,a41ac10f-0a56-4672-9161-b83f9b223559,,"GB, US"
Van Morrison,82,His Band and the Street Choir,Album,1970,a41ac10f-0a56-4672-9161-b83f9b223559,,"GB, US"
Van Morrison,82,Tupelo Honey,Album,1971,a41ac10f-0a56-4672-9161-b83f9b223559,,"GB, US"
Van Morrison,82,Blowin’ Your Mind!,Album,1967,a41ac10f-0a56-4672-9161-b83f9b223559,,"GB, US"
Van Morrison,82,"No Guru, No Method, No Teacher",Album,1986,a41ac10f-0a56-4672-9161-b83f9b223559,,GB
Van Morrison,82,Wavelength,Album,1978,a41ac10f-0a56-4672-9161-b83f9b223559,,"GB, US"
Van Morrison,82,Into the Music,Album,1979,a41ac10f-0a56-4672-9161-b83f9b223559,,"GB, US"
Van Morrison,82,Born to Sing: No Plan B,Album,2012,a41ac10f-0a56-4672-9161-b83f9b223559,,US
Van Morrison,82,Days Like This,Album,1995,a41ac10f-0a56-4672-9161-b83f9b223559,,US
Van Morrison,82,The Legendary Bang Sessions,Album,2023,a41ac10f-0a56-4672-9161-b83f9b223559,,GB
Van Morrison,82,Poetic Champions Compose,Album,1987,a41ac10f-0a56-4672-9161-b83f9b223559,,"GB, US"
Van Morrison,82,Down the Road,Album,2002,a41ac10f-0a56-4672-9161-b83f9b223559,,GB
Van Morrison,82,The Prophet Speaks,Album,2018,a41ac10f-0a56-4672-9161-b83f9b223559,,US
Van Morrison,82,Hymns to the Silence,Album,1991,a41ac10f-0a56-4672-9161-b83f9b223559,,"GB, US"
Van Morrison,82,Keep Me Singing,Album,2016,a41ac10f-0a56-4672-9161-b83f9b223559,,"GB, US"
Van Morrison,82,Duets: Re‐Working the Catalogue,Album,2015,a41ac10f-0a56-4672-9161-b83f9b223559,,"GB, US"
Van Morrison,82,Together,Album,1992,a41ac10f-0a56-4672-9161-b83f9b223559,,GB
Jurassic 5,83,Feedback,Album,2006,11c6b106-1c1f-429d-8407-b1ee155d7f72,,"GB, US"
Jurassic 5,83,Power in Numbers,Album,2002,11c6b106-1c1f-429d-8407-b1ee155d7f72,,"GB, US"
Jurassic 5,83,Quality Control,Album,2000,11c6b106-1c1f-429d-8407-b1ee155d7f72,,"GB, US"
Jurassic 5,83,Jurassic 5,Album,1998,11c6b106-1c1f-429d-8407-b1ee155d7f72,,"GB, US"
Covet,84,Technicolor,Album,2020,20b144e3-dd0e-4359-ae0c-0af7188c443b,,US
AC/DC,85,The Razors Edge,Album,1990,66c662b6-6e2f-4930-8610-912e24c63ed1,,"GB, US"
AC/DC,85,Power Up,Album,2020,66c662b6-6e2f-4930-8610-912e24c63ed1,,US
AC/DC,85,For Those About to Rock (We Salute You),Album,1981,66c662b6-6e2f-4930-8610-912e24c63ed1,,US
AC/DC,85,Ballbreaker,Album,1995,66c662b6-6e2f-4930-8610-912e24c63ed1,,US
AC/DC,85,Rock or Bust,Album,2014,66c662b6-6e2f-4930-8610-912e24c63ed1,,US
AC/DC,85,Flick of the Switch,Album,1983,66c662b6-6e2f-4930-8610-912e24c63ed1,,US
AC/DC,85,Fly on the Wall,Album,1985,66c662b6-6e2f-4930-8610-912e24c63ed1,,US
AC/DC,85,Black Ice,Album,2008,66c662b6-6e2f-4930-8610-912e24c63ed1,,"GB, US"
AC/DC,85,Blow Up Your Video,Album,1988,66c662b6-6e2f-4930-8610-912e24c63ed1,,"GB, US"
AC/DC,85,Stiff Upper Lip,Album,2000,66c662b6-6e2f-4930-8610-912e24c63ed1,,US
AC/DC,85,Let There Be Rock,Album,1977,66c662b6-6e2f-4930-8610-912e24c63ed1,,"GB, US"
AC/DC,85,Powerage,Album,1978,66c662b6-6e2f-4930-8610-912e24c63ed1,,"GB, US"
AC/DC,85,Back in Black,Album,1980,66c662b6-6e2f-4930-8610-912e24c63ed1,,"GB, US"
AC/DC,85,Dirty Deeds Done Dirt Cheap,Album,1976,66c662b6-6e2f-4930-8610-912e24c63ed1,,"GB, US"
AC/DC,85,Highway to Hell,Album,1979,66c662b6-6e2f-4930-8610-912e24c63ed1,,"GB, US"
AC/DC,85,Fire Your Guns,Album,1991,66c662b6-6e2f-4930-8610-912e24c63ed1,,US
"Bobby ""Blue"" Bland",86,Blues Consolidated,Album,1958,66ebc271-6a26-4fe7-848b-f217da119d92,,US
"Bobby ""Blue"" Bland",86,Dreamer,Album,1974,66ebc271-6a26-4fe7-848b-f217da119d92,,"GB, US"
"Bobby ""Blue"" Bland",86,Sad Street,Album,1995,66ebc271-6a26-4fe7-848b-f217da119d92,,US
"Bobby ""Blue"" Bland",86,First Class Blues,Album,1987,66ebc271-6a26-4fe7-848b-f217da119d92,,US
"Bobby ""Blue"" Bland",86,Reflections in Blue,Album,1977,66ebc271-6a26-4fe7-848b-f217da119d92,,US
"Bobby ""Blue"" Bland",86,Memphis Monday Morning,Album,1998,66ebc271-6a26-4fe7-848b-f217da119d92,,US
"Bobby ""Blue"" Bland",86,Come Fly With Me,Album,1978,66ebc271-6a26-4fe7-848b-f217da119d92,,US
"Bobby ""Blue"" Bland",86,After All,Album,1986,66ebc271-6a26-4fe7-848b-f217da119d92,,US
"Bobby ""Blue"" Bland",86,Blues at Midnight,Album,2003,66ebc271-6a26-4fe7-848b-f217da119d92,,US
"Bobby ""Blue"" Bland",86,"I Feel Good, I Feel Fine",Album,1979,66ebc271-6a26-4fe7-848b-f217da119d92,,US
"Bobby ""Blue"" Bland",86,Here We Go Again,Album,1990,66ebc271-6a26-4fe7-848b-f217da119d92,,US
"Bobby ""Blue"" Bland",86,Blues You Can Use,Album,1987,66ebc271-6a26-4fe7-848b-f217da119d92,,US
"Bobby ""Blue"" Bland",86,Two Steps From the Blues,Album,1961,66ebc271-6a26-4fe7-848b-f217da119d92,,"GB, US"
"Bobby ""Blue"" Bland",86,Portrait of the Blues,Album,1991,66ebc271-6a26-4fe7-848b-f217da119d92,,US
"Bobby ""Blue"" Bland",86,Touch of the Blues,Album,1968,66ebc271-6a26-4fe7-848b-f217da119d92,,US
"Bobby ""Blue"" Bland",86,Ain't Nothing You Can Do,Album,1964,66ebc271-6a26-4fe7-848b-f217da119d92,,US
"Bobby ""Blue"" Bland",86,You've Got Me Loving You,Album,1990,66ebc271-6a26-4fe7-848b-f217da119d92,,US
"Bobby ""Blue"" Bland",86,Years of Tears,Album,1993,66ebc271-6a26-4fe7-848b-f217da119d92,,US
"Bobby ""Blue"" Bland",86,His California Album,Album,1973,66ebc271-6a26-4fe7-848b-f217da119d92,,"GB, US"
"Bobby ""Blue"" Bland",86,Midnight Run,Album,1989,66ebc271-6a26-4fe7-848b-f217da119d92,,US
"Bobby ""Blue"" Bland",86,Here’s the Man!!!,Album,1962,66ebc271-6a26-4fe7-848b-f217da119d92,,US
"Bobby ""Blue"" Bland",86,Members Only,Album,1985,66ebc271-6a26-4fe7-848b-f217da119d92,,US
"Bobby ""Blue"" Bland",86,Get On Down With Bobby Bland,Album,1975,66ebc271-6a26-4fe7-848b-f217da119d92,,US
"Bobby ""Blue"" Bland",86,Spotlighting the Man,Album,1969,66ebc271-6a26-4fe7-848b-f217da119d92,,US
"Bobby ""Blue"" Bland",86,Call on Me / That’s the Way Love Is,Album,1963,66ebc271-6a26-4fe7-848b-f217da119d92,,US
Eric Clapton,88,Slowhand,Album,1977,618b6900-0618-4f1e-b835-bccb17f84294,,"GB, US"
Eric Clapton,88,Me and Mr Johnson,Album,2004,618b6900-0618-4f1e-b835-bccb17f84294,,"GB, US"
Eric Clapton,88,There’s One in Every Crowd,Album,1975,618b6900-0618-4f1e-b835-bccb17f84294,,US
Eric Clapton,88,Back Home,Album,2005,618b6900-0618-4f1e-b835-bccb17f84294,,"GB, US"
Eric Clapton,88,No Reason to Cry,Album,1976,618b6900-0618-4f1e-b835-bccb17f84294,,US
Eric Clapton,88,I Still Do,Album,2016,618b6900-0618-4f1e-b835-bccb17f84294,,US
Eric Clapton,88,The Breeze: An Appreciation of JJ Cale,Album,2014,618b6900-0618-4f1e-b835-bccb17f84294,,US
Eric Clapton,88,The Road to Escondido,Album,2006,618b6900-0618-4f1e-b835-bccb17f84294,,US
Eric Clapton,88,Pilgrim,Album,1998,618b6900-0618-4f1e-b835-bccb17f84294,,"GB, US"
Eric Clapton,88,Money and Cigarettes,Album,1983,618b6900-0618-4f1e-b835-bccb17f84294,,US
Eric Clapton,88,From the Cradle,Album,1994,618b6900-0618-4f1e-b835-bccb17f84294,,"GB, US"
Eric Clapton,88,Reptile,Album,2001,618b6900-0618-4f1e-b835-bccb17f84294,,"GB, US"
Eric Clapton,88,Journeyman,Album,1989,618b6900-0618-4f1e-b835-bccb17f84294,,US
Eric Clapton,88,Sessions for Robert J,Album,2004,618b6900-0618-4f1e-b835-bccb17f84294,,"GB, US"
Eric Clapton,88,Clapton,Album,2010,618b6900-0618-4f1e-b835-bccb17f84294,,US
Eric Clapton,88,Riding With the King,Album,2000,618b6900-0618-4f1e-b835-bccb17f84294,,"GB, US"
Eric Clapton,88,Behind the Sun,Album,1985,618b6900-0618-4f1e-b835-bccb17f84294,,US
Eric Clapton,88,The London Howlin’ Wolf Sessions,Album,1971,618b6900-0618-4f1e-b835-bccb17f84294,,"GB, US"
Eric Clapton,88,Happy Xmas,Album,2018,618b6900-0618-4f1e-b835-bccb17f84294,,US
Eric Clapton,88,Another Ticket,Album,1981,618b6900-0618-4f1e-b835-bccb17f84294,,"GB, US"
Eric Clapton,88,August,Album,1986,618b6900-0618-4f1e-b835-bccb17f84294,,US
Eric Clapton,88,Backless,Album,1978,618b6900-0618-4f1e-b835-bccb17f84294,,US
Eric Clapton,88,461 Ocean Boulevard,Album,1974,618b6900-0618-4f1e-b835-bccb17f84294,,US
Eric Clapton,88,Old Sock,Album,2013,618b6900-0618-4f1e-b835-bccb17f84294,,US
Eric Clapton,88,Eric Clapton,Album,1970,618b6900-0618-4f1e-b835-bccb17f84294,,"GB, US"
Eric Clapton,88,"Rarities on Compact Disc, Volume 11",Album,1992,618b6900-0618-4f1e-b835-bccb17f84294,,US
Eric Clapton,88,Complete Unplugged,Album,1992,618b6900-0618-4f1e-b835-bccb17f84294,,GB
Eric Clapton,88,Studio Jams,Album,,618b6900-0618-4f1e-b835-bccb17f84294,,US
Nathaniel Rateliff & The Night Sweats,89,Tearing at the Seams,Album,2018,52a4de43-92f5-4995-9a71-07d67dd35b7d,,US
Nathaniel Rateliff & The Night Sweats,89,South of Here,Album,2024,52a4de43-92f5-4995-9a71-07d67dd35b7d,,US
Nathaniel Rateliff & The Night Sweats,89,Nathaniel Rateliff & The Night Sweats,Album,2015,52a4de43-92f5-4995-9a71-07d67dd35b7d,,US
Nathaniel Rateliff & The Night Sweats,89,The Future,Album,2021,52a4de43-92f5-4995-9a71-07d67dd35b7d,,US
Mdou Moctar,90,Afelan,Album,2013,d85defaf-b82e-48be-beb5-2672099e392e,,US
Mdou Moctar,90,Funeral for Justice,Album,2024,d85defaf-b82e-48be-beb5-2672099e392e,,"GB, US"
Mdou Moctar,90,Ilana: The Creator,Album,2019,d85defaf-b82e-48be-beb5-2672099e392e,,US
Mdou Moctar,90,Afrique victime,Album,2021,d85defaf-b82e-48be-beb5-2672099e392e,,US
The Rolling Stones,91,Emotional Rescue,Album,1980,b071f9fa-14b0-4217-8e97-eb41da73f598,,"GB, US"
The Rolling Stones,91,Aftermath,Album,1966,b071f9fa-14b0-4217-8e97-eb41da73f598,,"GB, US"
The Rolling Stones,91,Hackney Diamonds,Album,2023,b071f9fa-14b0-4217-8e97-eb41da73f598,,"GB, US"
The Rolling Stones,91,"The Rolling Stones, Now!",Album,1965,b071f9fa-14b0-4217-8e97-eb41da73f598,,"GB, US"
The Rolling Stones,91,Out of Our Heads,Album,1965,b071f9fa-14b0-4217-8e97-eb41da73f598,,"GB, US"
The Rolling Stones,91,Their Satanic Majesties Request,Album,1967,b071f9fa-14b0-4217-8e97-eb41da73f598,,"GB, US"
The Rolling Stones,91,Exile on Main St.,Album,1972,b071f9fa-14b0-4217-8e97-eb41da73f598,,"GB, US"
The Rolling Stones,91,Sticky Fingers,Album,1971,b071f9fa-14b0-4217-8e97-eb41da73f598,,"GB, US"
The Rolling Stones,91,Undercover,Album,1983,b071f9fa-14b0-4217-8e97-eb41da73f598,,"GB, US"
The Rolling Stones,91,The Rolling Stones No. 2,Album,1965,b071f9fa-14b0-4217-8e97-eb41da73f598,,GB
The Rolling Stones,91,A Bigger Bang,Album,2005,b071f9fa-14b0-4217-8e97-eb41da73f598,,"GB, US"
The Rolling Stones,91,Beggars Banquet,Album,1968,b071f9fa-14b0-4217-8e97-eb41da73f598,,"GB, US"
The Rolling Stones,91,December’s Children (and Everybody’s),Album,1965,b071f9fa-14b0-4217-8e97-eb41da73f598,,"GB, US"
The Rolling Stones,91,12 × 5,Album,1964,b071f9fa-14b0-4217-8e97-eb41da73f598,,US
The Rolling Stones,91,Between the Buttons,Album,1967,b071f9fa-14b0-4217-8e97-eb41da73f598,,"GB, US"
The Rolling Stones,91,Voodoo Lounge,Album,1994,b071f9fa-14b0-4217-8e97-eb41da73f598,,"GB, US"
The Rolling Stones,91,Let It Bleed,Album,1969,b071f9fa-14b0-4217-8e97-eb41da73f598,,"GB, US"
The Rolling Stones,91,The Rolling Stones,Album,1964,b071f9fa-14b0-4217-8e97-eb41da73f598,,"GB, US"
The Rolling Stones,91,Blue & Lonesome,Album,2016,b071f9fa-14b0-4217-8e97-eb41da73f598,,US
The Rolling Stones,91,Black and Blue,Album,1976,b071f9fa-14b0-4217-8e97-eb41da73f598,,"GB, US"
The Rolling Stones,91,Some Girls,Album,1978,b071f9fa-14b0-4217-8e97-eb41da73f598,,"GB, US"
The Rolling Stones,91,It’s Only Rock ’n Roll,Album,1974,b071f9fa-14b0-4217-8e97-eb41da73f598,,"GB, US"
The Rolling Stones,91,Bridges to Babylon,Album,1997,b071f9fa-14b0-4217-8e97-eb41da73f598,,"GB, US"
The Rolling Stones,91,Goats Head Soup,Album,1973,b071f9fa-14b0-4217-8e97-eb41da73f598,,"GB, US"
The Rolling Stones,91,Steel Wheels,Album,1989,b071f9fa-14b0-4217-8e97-eb41da73f598,,"GB, US"
The Rolling Stones,91,Dirty Work,Album,1986,b071f9fa-14b0-4217-8e97-eb41da73f598,,"GB, US"
The Rolling Stones,91,Tattoo You,Album,1981,b071f9fa-14b0-4217-8e97-eb41da73f598,,"GB, US"
The Rolling Stones,91,Could You Walk on the Water?,Album,2000,b071f9fa-14b0-4217-8e97-eb41da73f598,,GB
The Rolling Stones,91,On Tour ’64,Album,2021,b071f9fa-14b0-4217-8e97-eb41da73f598,,GB
The Rolling Stones,91,"The Complete British Radio Broadcasts, Volume 3 1964–1965",Album,2017,b071f9fa-14b0-4217-8e97-eb41da73f598,,GB
The Rolling Stones,91,Get the Fuck Outta Here!,Album,1997,b071f9fa-14b0-4217-8e97-eb41da73f598,,US
The Rolling Stones,91,"The Complete British Radio Broadcasts, Volume 1 1963–1964",Album,2017,b071f9fa-14b0-4217-8e97-eb41da73f598,,GB
The Rolling Stones,91,"The Complete British Radio Broadcasts, Volume 2 1964",Album,2017,b071f9fa-14b0-4217-8e97-eb41da73f598,,GB
"Crosby, Stills, Nash & Young",93,Looking Forward,Album,1999,46a782ea-4308-476b-abd1-a91b197f3037,,US
"Crosby, Stills, Nash & Young",93,Déjà vu,Album,1970,46a782ea-4308-476b-abd1-a91b197f3037,,"GB, US"
"Crosby, Stills, Nash & Young",93,American Dream,Album,1988,46a782ea-4308-476b-abd1-a91b197f3037,,US
Kate Bush,94,50 Words for Snow,Album,2011,4b585938-f271-45e2-b19a-91c634b5e396,,"GB, US"
Kate Bush,94,Aerial,Album,2005,4b585938-f271-45e2-b19a-91c634b5e396,,"GB, US"
Kate Bush,94,Lionheart,Album,1978,4b585938-f271-45e2-b19a-91c634b5e396,,"GB, US"
Kate Bush,94,The Sensual World,Album,1989,4b585938-f271-45e2-b19a-91c634b5e396,,"GB, US"
Kate Bush,94,Never for Ever,Album,1980,4b585938-f271-45e2-b19a-91c634b5e396,,"GB, US"
Kate Bush,94,The Dreaming,Album,1982,4b585938-f271-45e2-b19a-91c634b5e396,,"GB, US"
Kate Bush,94,The Red Shoes,Album,1993,4b585938-f271-45e2-b19a-91c634b5e396,,"GB, US"
Kate Bush,94,The Kick Inside,Album,1978,4b585938-f271-45e2-b19a-91c634b5e396,,GB
St. Paul & The Broken Bones,95,Half the City,Album,2014,4486702e-7b26-43fd-babc-c0df7be0e1d9,,US
St. Paul & The Broken Bones,95,Angels in Science Fiction,Album,2023,4486702e-7b26-43fd-babc-c0df7be0e1d9,,"GB, US"
St. Paul & The Broken Bones,95,Sea of Noise,Album,2016,4486702e-7b26-43fd-babc-c0df7be0e1d9,,"GB, US"
St. Paul & The Broken Bones,95,Young Sick Camellia,Album,2018,4486702e-7b26-43fd-babc-c0df7be0e1d9,,GB
St. Paul & The Broken Bones,95,The Alien Coast,Album,2022,4486702e-7b26-43fd-babc-c0df7be0e1d9,,"GB, US"
B.B. King,96,There Is Always One More Time,Album,1991,dcb03ce3-67a5-4eb3-b2d1-2a12d93a38f3,,US
B.B. King,96,Six Silver Strings,Album,1985,dcb03ce3-67a5-4eb3-b2d1-2a12d93a38f3,,US
B.B. King,96,Singin’ the Blues,Album,1957,dcb03ce3-67a5-4eb3-b2d1-2a12d93a38f3,,"GB, US"
B.B. King,96,Better Than Ever,Album,1971,dcb03ce3-67a5-4eb3-b2d1-2a12d93a38f3,,US
B.B. King,96,Blues,Album,1982,dcb03ce3-67a5-4eb3-b2d1-2a12d93a38f3,,US
B.B. King,96,Makin’ Love Is Good for You,Album,2000,dcb03ce3-67a5-4eb3-b2d1-2a12d93a38f3,,US
B.B. King,96,Spotlight on Lucille,Album,1991,dcb03ce3-67a5-4eb3-b2d1-2a12d93a38f3,,US
B.B. King,96,Take It Home,Album,1979,dcb03ce3-67a5-4eb3-b2d1-2a12d93a38f3,,US
B.B. King,96,King of the Blues: 1989,Album,1988,dcb03ce3-67a5-4eb3-b2d1-2a12d93a38f3,,US
B.B. King,96,Friends,Album,1991,dcb03ce3-67a5-4eb3-b2d1-2a12d93a38f3,,"GB, US"
B.B. King,96,Blues on Top of Blues,Album,1968,dcb03ce3-67a5-4eb3-b2d1-2a12d93a38f3,,"GB, US"
B.B. King,96,Completely Well,Album,1969,dcb03ce3-67a5-4eb3-b2d1-2a12d93a38f3,,"GB, US"
B.B. King,96,Blues in My Heart,Album,1963,dcb03ce3-67a5-4eb3-b2d1-2a12d93a38f3,,"GB, US"
B.B. King,96,Blues Summit,Album,1993,dcb03ce3-67a5-4eb3-b2d1-2a12d93a38f3,,US
B.B. King,96,Love Me Tender,Album,1982,dcb03ce3-67a5-4eb3-b2d1-2a12d93a38f3,,US
B.B. King,96,The Blues,Album,1958,dcb03ce3-67a5-4eb3-b2d1-2a12d93a38f3,,"GB, US"
B.B. King,96,The Soul of B.B. King,Album,1963,dcb03ce3-67a5-4eb3-b2d1-2a12d93a38f3,,"GB, US"
B.B. King,96,B.B. King in London,Album,1971,dcb03ce3-67a5-4eb3-b2d1-2a12d93a38f3,,US
B.B. King,96,Blues on the Bayou,Album,1998,dcb03ce3-67a5-4eb3-b2d1-2a12d93a38f3,,US
B.B. King,96,Guess Who,Album,1990,dcb03ce3-67a5-4eb3-b2d1-2a12d93a38f3,,"GB, US"
B.B. King,96,King of the Blues,Album,1960,dcb03ce3-67a5-4eb3-b2d1-2a12d93a38f3,,"GB, US"
B.B. King,96,To Know You Is to Love You,Album,1973,dcb03ce3-67a5-4eb3-b2d1-2a12d93a38f3,,US
B.B. King,96,Reflections,Album,2003,dcb03ce3-67a5-4eb3-b2d1-2a12d93a38f3,,US
B.B. King,96,Midnight Believer,Album,1978,dcb03ce3-67a5-4eb3-b2d1-2a12d93a38f3,,"GB, US"
B.B. King,96,My Kind of Blues,Album,1961,dcb03ce3-67a5-4eb3-b2d1-2a12d93a38f3,,"GB, US"
B.B. King,96,Lucille,Album,1968,dcb03ce3-67a5-4eb3-b2d1-2a12d93a38f3,,"GB, US"
B.B. King,96,A Christmas Celebration of Hope,Album,2001,dcb03ce3-67a5-4eb3-b2d1-2a12d93a38f3,,US
B.B. King,96,Riding With the King,Album,2000,dcb03ce3-67a5-4eb3-b2d1-2a12d93a38f3,,"GB, US"
B.B. King,96,Deuces Wild,Album,1997,dcb03ce3-67a5-4eb3-b2d1-2a12d93a38f3,,"GB, US"
B.B. King,96,His Best – The Electric B.B. King,Album,1968,dcb03ce3-67a5-4eb3-b2d1-2a12d93a38f3,,"GB, US"
B.B. King,96,King Size,Album,1977,dcb03ce3-67a5-4eb3-b2d1-2a12d93a38f3,,US
B.B. King,96,Heart to Heart,Album,1994,dcb03ce3-67a5-4eb3-b2d1-2a12d93a38f3,,US
B.B. King,96,There Must Be a Better World Somewhere,Album,1981,dcb03ce3-67a5-4eb3-b2d1-2a12d93a38f3,,US
B.B. King,96,Compositions of Duke Ellington and Others,Album,1960,dcb03ce3-67a5-4eb3-b2d1-2a12d93a38f3,,"GB, US"
B.B. King,96,Blues for Me,Album,1962,dcb03ce3-67a5-4eb3-b2d1-2a12d93a38f3,,"GB, US"
B.B. King,96,One Kind Favor,Album,2008,dcb03ce3-67a5-4eb3-b2d1-2a12d93a38f3,,US
B.B. King,96,Mr. Blues,Album,1963,dcb03ce3-67a5-4eb3-b2d1-2a12d93a38f3,,US
B.B. King,96,Indianola Mississippi Seeds,Album,1970,dcb03ce3-67a5-4eb3-b2d1-2a12d93a38f3,,"GB, US"
B.B. King,96,B.B. King Sings Spirituals,Album,1959,dcb03ce3-67a5-4eb3-b2d1-2a12d93a38f3,,"GB, US"
B.B. King,96,Let the Good Times Roll: The Music of Louis Jordan,Album,1999,dcb03ce3-67a5-4eb3-b2d1-2a12d93a38f3,,US
B.B. King,96,Live & Well,Album,1969,dcb03ce3-67a5-4eb3-b2d1-2a12d93a38f3,,"GB, US"
B.B. King,96,80,Album,2005,dcb03ce3-67a5-4eb3-b2d1-2a12d93a38f3,,"GB, US"
B.B. King,96,Easy Listening Blues,Album,1962,dcb03ce3-67a5-4eb3-b2d1-2a12d93a38f3,,"GB, US"
B.B. King,96,L.A. Midnight,Album,1972,dcb03ce3-67a5-4eb3-b2d1-2a12d93a38f3,,"GB, US"
B.B. King,96,"Fillemore East NYC June 19,1971",Album,2008,dcb03ce3-67a5-4eb3-b2d1-2a12d93a38f3,,US
Color Green,97,Color Green,Album,2022,1951caa6-cb19-4492-8abb-c4e138ac1e98,,US
Kikagaku Moyo,98,Forest of Lost Children,Album,2014,3a605eba-b6a1-4298-855d-b3033df0bf8b,,US
Gov't Mule,99,Heavy Load Blues,Album,2021,f8796712-19fd-49ca-9cc7-99c30215b3cd,,US
Gov't Mule,99,Revolution Come…Revolution Go,Album,2017,f8796712-19fd-49ca-9cc7-99c30215b3cd,,US
Gov't Mule,99,Déjà Voodoo,Album,2004,f8796712-19fd-49ca-9cc7-99c30215b3cd,,US
Gov't Mule,99,Life Before Insanity,Album,2000,f8796712-19fd-49ca-9cc7-99c30215b3cd,,"GB, US"
Gov't Mule,99,By a Thread,Album,2009,f8796712-19fd-49ca-9cc7-99c30215b3cd,,US
Gov't Mule,99,Gov’t Mule,Album,1995,f8796712-19fd-49ca-9cc7-99c30215b3cd,,"GB, US"
Gov't Mule,99,Dose,Album,1998,f8796712-19fd-49ca-9cc7-99c30215b3cd,,"GB, US"
Gov't Mule,99,"The Deep End, Volume 1",Album,2001,f8796712-19fd-49ca-9cc7-99c30215b3cd,,US
Gov't Mule,99,Peace... Like a River,Album,2023,f8796712-19fd-49ca-9cc7-99c30215b3cd,,US
Gov't Mule,99,Shout!,Album,2013,f8796712-19fd-49ca-9cc7-99c30215b3cd,,US
Gov't Mule,99,High & Mighty,Album,2006,f8796712-19fd-49ca-9cc7-99c30215b3cd,,US
Gov't Mule,99,"The Deep End, Volume 2",Album,2002,f8796712-19fd-49ca-9cc7-99c30215b3cd,,US
Gov't Mule,99,The Tel‐Star Sessions,Album,2016,f8796712-19fd-49ca-9cc7-99c30215b3cd,,"GB, US"
Gov't Mule,99,Mighty High,Album,2007,f8796712-19fd-49ca-9cc7-99c30215b3cd,,US
Gov't Mule,99,"Beacon Theatre, New York, December 31, 2011",Album,2011,f8796712-19fd-49ca-9cc7-99c30215b3cd,,US
Lord Huron,100,Lonesome Dreams,Album,2012,51c76d97-0635-433c-b26d-66beb81657f8,,"GB, US"
Lord Huron,100,Strange Trails,Album,2015,51c76d97-0635-433c-b26d-66beb81657f8,,US
Lord Huron,100,Long Lost,Album,2021,51c76d97-0635-433c-b26d-66beb81657f8,,US
Lord Huron,100,Vide Noir,Album,2018,51c76d97-0635-433c-b26d-66beb81657f8,,US
